GeoFIPS,GeoName,Region,TableName,LineCode,IndustryClassification,Description,Unit,2001,2002,2003,2004,2005,2006,2007,2008,2009,2010,2011,2012,2013,2014,2015,2016,2017,2018
 "47001","Anderson, TN",5,CAGDP1,1,"...","Real GDP (thousands of chained 2012 dollars)","Thousands of chained 2012 dollars",3675605,3894392,3945758,3988112,4017939,4071438,3996890,4045962,4003753,4186335,4323667,4220015,4139461,4251611,4136021,4196854,4267297,4244637
 "47001","Anderson, TN",5,CAGDP1,2,"...","Chain-type quantity indexes for real GDP","Quantity index",87.099,92.284,93.501,94.505,95.212,96.479,94.713,95.876,94.875,99.202,102.456,100.000,98.091,100.749,98.010,99.451,101.120,100.583
 "47001","Anderson, TN",5,CAGDP1,3,"...","Current-dollar GDP (thousands of current dollars)","Thousands of dollars",3073169,3299688,3376879,3463802,3571452,3678367,3683178,3768545,3902431,4041413,4209675,4220015,4236695,4426676,4466119,4608598,4713572,4770850
 "47003","Bedford, TN",5,CAGDP1,1,"...","Real GDP (thousands of chained 2012 dollars)","Thousands of chained 2012 dollars",1099216,1148518,1253072,1393156,1488020,1630319,1627882,1556899,1399294,1500699,1528437,1584360,1677101,1686035,1646389,1630862,1567526,1609446
 "47003","Bedford, TN",5,CAGDP1,2,"...","Chain-type quantity indexes for real GDP","Quantity index",69.379,72.491,79.090,87.932,93.919,102.901,102.747,98.267,88.319,94.720,96.470,100.000,105.853,106.417,103.915,102.935,98.937,101.583
 "47003","Bedford, TN",5,CAGDP1,3,"...","Current-dollar GDP (thousands of current dollars)","Thousands of dollars",924591,981722,1076551,1202874,1298515,1431448,1449289,1413017,1347846,1442740,1473519,1584360,1715066,1765212,1800721,1816598,1755437,1824402
 "47005","Benton, TN",5,CAGDP1,1,"...","Real GDP (thousands of chained 2012 dollars)","Thousands of chained 2012 dollars",319194,322197,308461,322825,309684,320144,324821,321435,309472,317922,316348,321344,316813,313649,317344,317442,320424,333275
 "47005","Benton, TN",5,CAGDP1,2,"...","Chain-type quantity indexes for real GDP","Quantity index",99.331,100.265,95.991,100.461,96.372,99.627,101.082,100.028,96.306,98.935,98.445,100.000,98.590,97.605,98.755,98.786,99.714,103.713
 "47005","Benton, TN",5,CAGDP1,3,"...","Current-dollar GDP (thousands of current dollars)","Thousands of dollars",239119,246820,240841,262310,261082,279376,291831,295806,291682,303186,307979,321344,325289,330393,343591,350450,361170,386699
 "47007","Bledsoe, TN",5,CAGDP1,1,"...","Real GDP (thousands of chained 2012 dollars)","Thousands of chained 2012 dollars",202656,198761,187892,182217,181425,183442,185842,182181,174398,184369,185312,181822,184577,196318,203380,187746,196852,210355
 "47007","Bledsoe, TN",5,CAGDP1,2,"...","Chain-type quantity indexes for real GDP","Quantity index",111.459,109.317,103.339,100.218,99.782,100.891,102.211,100.198,95.917,101.401,101.920,100.000,101.515,107.973,111.857,103.258,108.266,115.693
 "47007","Bledsoe, TN",5,CAGDP1,3,"...","Current-dollar GDP (thousands of current dollars)","Thousands of dollars",156945,154728,150255,151366,153023,159050,166929,167158,164228,175982,181135,181822,189782,203784,209785,193410,206725,224732
 "47009","Blount, TN",5,CAGDP1,1,"...","Real GDP (thousands of chained 2012 dollars)","Thousands of chained 2012 dollars",3322200,3462315,3611424,3834544,3977456,4222587,3976281,3996135,3695597,3740279,4001978,4244939,4367991,4396081,4519834,4590446,4665580,4809024
 "47009","Blount, TN",5,CAGDP1,2,"...","Chain-type quantity indexes for real GDP","Quantity index",78.263,81.563,85.076,90.332,93.699,99.473,93.671,94.139,87.059,88.111,94.276,100.000,102.899,103.561,106.476,108.139,109.909,113.288
 "47009","Blount, TN",5,CAGDP1,3,"...","Current-dollar GDP (thousands of current dollars)","Thousands of dollars",2653967,2803412,2949978,3268440,3497662,3864383,3743994,3807571,3528915,3618568,3923325,4244939,4428581,4577131,4807203,4930253,5114312,5384691
 "47011","Bradley, TN",5,CAGDP1,1,"...","Real GDP (thousands of chained 2012 dollars)","Thousands of chained 2012 dollars",3024638,3170772,3179126,3393576,3388586,3447655,3448991,3552602,3444467,3581683,3665592,4056946,4173530,4160858,4425202,4305445,4398986,4412936
 "47011","Bradley, TN",5,CAGDP1,2,"...","Chain-type quantity indexes for real GDP","Quantity index",74.555,78.157,78.363,83.649,83.526,84.982,85.014,87.568,84.903,88.285,90.353,100.000,102.874,102.561,109.077,106.125,108.431,108.775
 "47011","Bradley, TN",5,CAGDP1,3,"...","Current-dollar GDP (thousands of current dollars)","Thousands of dollars",2377275,2538105,2558410,2768656,2826845,2947492,3028460,3214484,3282164,3419614,3539460,4056946,4257413,4315001,4711569,4660173,4800785,4907911
 "47013","Campbell, TN",5,CAGDP1,1,"...","Real GDP (thousands of chained 2012 dollars)","Thousands of chained 2012 dollars",781475,751642,781630,840363,898808,898366,926656,939412,916270,897913,866801,795717,784693,763441,763622,775059,786030,806050
 "47013","Campbell, TN",5,CAGDP1,2,"...","Chain-type quantity indexes for real GDP","Quantity index",98.210,94.461,98.230,105.611,112.956,112.900,116.455,118.059,115.150,112.843,108.933,100.000,98.615,95.944,95.967,97.404,98.783,101.299
 "47013","Campbell, TN",5,CAGDP1,3,"...","Current-dollar GDP (thousands of current dollars)","Thousands of dollars",594428,584851,616167,677695,748706,774348,823032,856361,868131,859894,844071,795717,801769,798158,821593,850496,875424,917213
 "47015","Cannon, TN",5,CAGDP1,1,"...","Real GDP (thousands of chained 2012 dollars)","Thousands of chained 2012 dollars",165945,185671,188628,194307,202217,214352,209306,197285,182224,196458,196262,212632,218513,214838,215018,225567,231378,237659
 "47015","Cannon, TN",5,CAGDP1,2,"...","Chain-type quantity indexes for real GDP","Quantity index",78.043,87.320,88.711,91.381,95.102,100.809,98.436,92.782,85.699,92.393,92.301,100.000,102.766,101.037,101.122,106.083,108.816,111.770
 "47015","Cannon, TN",5,CAGDP1,3,"...","Current-dollar GDP (thousands of current dollars)","Thousands of dollars",127818,146238,152146,161779,172591,187605,190082,182238,173640,188643,191148,212632,224140,225517,234234,250169,261037,272721
 "47017","Carroll, TN",5,CAGDP1,1,"...","Real GDP (thousands of chained 2012 dollars)","Thousands of chained 2012 dollars",584768,599576,618335,632010,658528,692522,615998,629006,629569,611134,689592,671570,695498,658390,666139,680924,678784,688843
 "47017","Carroll, TN",5,CAGDP1,2,"...","Chain-type quantity indexes for real GDP","Quantity index",87.075,89.280,92.073,94.109,98.058,103.120,91.725,93.662,93.746,91.001,102.684,100.000,103.563,98.037,99.191,101.393,101.074,102.572
 "47017","Carroll, TN",5,CAGDP1,3,"...","Current-dollar GDP (thousands of current dollars)","Thousands of dollars",451465,473812,495902,530080,566820,620538,574236,598260,583334,583233,681345,671570,704455,681966,693850,713489,735062,770399
 "47019","Carter, TN",5,CAGDP1,1,"...","Real GDP (thousands of chained 2012 dollars)","Thousands of chained 2012 dollars",860321,892417,888612,911438,901440,951810,962759,948773,934942,930290,941247,966697,947459,920837,944574,962321,989393,1019574
 "47019","Carter, TN",5,CAGDP1,2,"...","Chain-type quantity indexes for real GDP","Quantity index",88.996,92.316,91.922,94.284,93.250,98.460,99.593,98.146,96.715,96.234,97.367,100.000,98.010,95.256,97.712,99.547,102.348,105.470
 "47019","Carter, TN",5,CAGDP1,3,"...","Current-dollar GDP (thousands of current dollars)","Thousands of dollars",654713,695919,705500,746303,764400,835840,874367,880404,894670,893869,917783,966697,971431,966321,1022698,1065246,1112952,1173099
 "47021","Cheatham, TN",5,CAGDP1,1,"...","Real GDP (thousands of chained 2012 dollars)","Thousands of chained 2012 dollars",623346,727856,750794,785756,800594,860662,862031,856204,796593,797679,802868,823140,798986,822164,869691,895512,933829,955278
 "47021","Cheatham, TN",5,CAGDP1,2,"...","Chain-type quantity indexes for real GDP","Quantity index",75.728,88.424,91.211,95.458,97.261,104.558,104.725,104.017,96.775,96.907,97.537,100.000,97.066,99.881,105.655,108.792,113.447,116.053
 "47021","Cheatham, TN",5,CAGDP1,3,"...","Current-dollar GDP (thousands of current dollars)","Thousands of dollars",485622,577463,603114,645379,679892,757791,783120,794290,767494,767806,780495,823140,818956,862256,939186,982755,1038033,1092289
 "47023","Chester, TN",5,CAGDP1,1,"...","Real GDP (thousands of chained 2012 dollars)","Thousands of chained 2012 dollars",275694,269929,289031,285509,293167,292748,287644,285356,285015,295221,304454,311205,312129,308786,309515,319530,319995,325061
 "47023","Chester, TN",5,CAGDP1,2,"...","Chain-type quantity indexes for real GDP","Quantity index",88.589,86.737,92.875,91.743,94.204,94.069,92.429,91.694,91.584,94.864,97.831,100.000,100.297,99.223,99.457,102.675,102.824,104.452
 "47023","Chester, TN",5,CAGDP1,3,"...","Current-dollar GDP (thousands of current dollars)","Thousands of dollars",208287,208552,227371,231643,246378,253979,258021,262067,271809,282056,296229,311205,320770,324188,334925,352550,358020,371878
 "47025","Claiborne, TN",5,CAGDP1,1,"...","Real GDP (thousands of chained 2012 dollars)","Thousands of chained 2012 dollars",652951,703892,704391,749952,830363,845288,841193,759447,710651,686874,684650,712760,716659,691705,702166,700930,706544,720230
 "47025","Claiborne, TN",5,CAGDP1,2,"...","Chain-type quantity indexes for real GDP","Quantity index",91.609,98.756,98.826,105.218,116.500,118.594,118.019,106.550,99.704,96.368,96.056,100.000,100.547,97.046,98.514,98.340,99.128,101.048
 "47025","Claiborne, TN",5,CAGDP1,3,"...","Current-dollar GDP (thousands of current dollars)","Thousands of dollars",466438,513859,525535,578272,675383,720011,741619,693237,670241,656834,667712,712760,729176,717404,747308,759432,779004,812249
 "47027","Clay, TN",5,CAGDP1,1,"...","Real GDP (thousands of chained 2012 dollars)","Thousands of chained 2012 dollars",141893,147976,150622,158170,151122,153605,153768,157656,161697,172093,163525,176472,177794,186732,186617,174124,186043,179229
 "47027","Clay, TN",5,CAGDP1,2,"...","Chain-type quantity indexes for real GDP","Quantity index",80.405,83.852,85.352,89.629,85.635,87.042,87.135,89.338,91.628,97.519,92.663,100.000,100.749,105.814,105.749,98.669,105.423,101.562
 "47027","Clay, TN",5,CAGDP1,3,"...","Current-dollar GDP (thousands of current dollars)","Thousands of dollars",110829,117161,122111,134091,129834,134820,137792,143314,149252,162390,159440,176472,182862,193502,191977,179573,195979,192814
 "47029","Cocke, TN",5,CAGDP1,1,"...","Real GDP (thousands of chained 2012 dollars)","Thousands of chained 2012 dollars",634541,654440,630278,651884,676803,734683,733523,715760,691497,696344,697206,695240,795940,856696,960043,945429,969122,1016848
 "47029","Cocke, TN",5,CAGDP1,2,"...","Chain-type quantity indexes for real GDP","Quantity index",91.269,94.131,90.656,93.764,97.348,105.673,105.506,102.951,99.462,100.159,100.283,100.000,114.484,123.223,138.088,135.986,139.394,146.259
 "47029","Cocke, TN",5,CAGDP1,3,"...","Current-dollar GDP (thousands of current dollars)","Thousands of dollars",486480,514881,501532,526751,561564,624586,640609,644828,656313,664147,675452,695240,816138,900195,1044237,1057617,1080082,1134746
 "47031","Coffee, TN",5,CAGDP1,1,"...","Real GDP (thousands of chained 2012 dollars)","Thousands of chained 2012 dollars",1716336,1843335,1914407,1972417,2003830,2048098,2001171,2037626,1959371,2038982,2091451,2200965,2224375,2237906,2347077,2412519,2518577,2573478
 "47031","Coffee, TN",5,CAGDP1,2,"...","Chain-type quantity indexes for real GDP","Quantity index",77.981,83.751,86.980,89.616,91.043,93.055,90.922,92.579,89.023,92.640,95.024,100.000,101.064,101.678,106.639,109.612,114.431,116.925
 "47031","Coffee, TN",5,CAGDP1,3,"...","Current-dollar GDP (thousands of current dollars)","Thousands of dollars",1402969,1528864,1606129,1682806,1742860,1818180,1823955,1885024,1879656,1960558,2036455,2200965,2271354,2320379,2520463,2628952,2764723,2861356
 "47033","Crockett, TN",5,CAGDP1,1,"...","Real GDP (thousands of chained 2012 dollars)","Thousands of chained 2012 dollars",325766,333128,350514,354925,391939,449586,415012,519412,750813,937826,1025325,454743,469878,497309,509204,506464,524446,530071
 "47033","Crockett, TN",5,CAGDP1,2,"...","Chain-type quantity indexes for real GDP","Quantity index",71.637,73.256,77.080,78.050,86.189,98.866,91.263,114.221,165.107,206.232,225.474,100.000,103.328,109.361,111.976,111.374,115.328,116.565
 "47033","Crockett, TN",5,CAGDP1,3,"...","Current-dollar GDP (thousands of current dollars)","Thousands of dollars",249722,261695,277818,286216,320506,370767,356135,463078,719237,900772,975332,454743,480145,518903,542159,545154,568033,578776
 "47035","Cumberland, TN",5,CAGDP1,1,"...","Real GDP (thousands of chained 2012 dollars)","Thousands of chained 2012 dollars",1244855,1263672,1287228,1322909,1334977,1407369,1428071,1400506,1360571,1384263,1396540,1444444,1408744,1429102,1454409,1500820,1511868,1515362
 "47035","Cumberland, TN",5,CAGDP1,2,"...","Chain-type quantity indexes for real GDP","Quantity index",86.182,87.485,89.116,91.586,92.421,97.433,98.867,96.958,94.193,95.834,96.684,100.000,97.528,98.938,100.690,103.903,104.668,104.910
 "47035","Cumberland, TN",5,CAGDP1,3,"...","Current-dollar GDP (thousands of current dollars)","Thousands of dollars",947456,983716,1020747,1080583,1131721,1238377,1295762,1298365,1304470,1334133,1360877,1444444,1439979,1494145,1570551,1660123,1697277,1739411
 "47037","Davidson, TN",5,CAGDP1,1,"...","Real GDP (thousands of chained 2012 dollars)","Thousands of chained 2012 dollars",42083189,42759199,44175173,45276194,46035234,46942811,46137584,48000289,47835096,48684452,50039906,51930792,51845082,54222265,57477375,59360691,61051774,63848008
 "47037","Davidson, TN",5,CAGDP1,2,"...","Chain-type quantity indexes for real GDP","Quantity index",81.037,82.339,85.065,87.186,88.647,90.395,88.844,92.431,92.113,93.749,96.359,100.000,99.835,104.413,110.681,114.307,117.564,122.948
 "47037","Davidson, TN",5,CAGDP1,3,"...","Current-dollar GDP (thousands of current dollars)","Thousands of dollars",33459857,34747015,36440493,38202731,39862069,41756311,42166282,44677604,45563318,46859664,48872599,51930792,52817392,56246701,61067176,64288702,67096705,71674551
 "47039","Decatur, TN",5,CAGDP1,1,"...","Real GDP (thousands of chained 2012 dollars)","Thousands of chained 2012 dollars",275625,292041,311637,325395,331917,342802,353716,355894,355141,343946,338184,326743,322985,303001,291189,297794,299614,313352
 "47039","Decatur, TN",5,CAGDP1,2,"...","Chain-type quantity indexes for real GDP","Quantity index",84.355,89.380,95.377,99.587,101.584,104.915,108.255,108.922,108.691,105.265,103.502,100.000,98.850,92.734,89.119,91.140,91.697,95.902
 "47039","Decatur, TN",5,CAGDP1,3,"...","Current-dollar GDP (thousands of current dollars)","Thousands of dollars",203573,219833,239940,259020,277278,296405,315512,322839,329093,325064,329243,326743,330799,316972,312090,325415,332890,355058
 "47041","DeKalb, TN",5,CAGDP1,1,"...","Real GDP (thousands of chained 2012 dollars)","Thousands of chained 2012 dollars",383179,414638,454122,502316,581042,543217,508274,515600,487986,532859,554998,595101,604607,625104,652684,657850,683111,711225
 "47041","DeKalb, TN",5,CAGDP1,2,"...","Chain-type quantity indexes for real GDP","Quantity index",64.389,69.675,76.310,84.409,97.638,91.282,85.410,86.641,82.001,89.541,93.261,100.000,101.598,105.042,109.676,110.544,114.789,119.513
 "47041","DeKalb, TN",5,CAGDP1,3,"...","Current-dollar GDP (thousands of current dollars)","Thousands of dollars",326042,353446,391811,438036,509774,478420,459238,468279,462582,507154,538609,595101,618849,654303,710941,724937,756965,790073
 "47043","Dickson, TN",5,CAGDP1,1,"...","Real GDP (thousands of chained 2012 dollars)","Thousands of chained 2012 dollars",1030467,1090030,1133684,1154008,1184012,1286261,1283876,1238315,1154692,1227852,1292302,1332454,1364718,1405743,1432647,1520211,1583911,1624735
 "47043","Dickson, TN",5,CAGDP1,2,"...","Chain-type quantity indexes for real GDP","Quantity index",77.336,81.806,85.082,86.608,88.860,96.533,96.354,92.935,86.659,92.150,96.987,100.000,102.421,105.500,107.519,114.091,118.872,121.936
 "47043","Dickson, TN",5,CAGDP1,3,"...","Current-dollar GDP (thousands of current dollars)","Thousands of dollars",834082,894995,943048,982852,1035657,1152924,1179741,1154284,1110590,1184523,1257018,1332454,1396176,1474924,1560020,1690421,1779917,1853773
 "47045","Dyer, TN",5,CAGDP1,1,"...","Real GDP (thousands of chained 2012 dollars)","Thousands of chained 2012 dollars",1263128,1303143,1400668,1562588,1575648,1667325,1567044,1583876,1452348,1428926,1466108,1441094,1412382,1350624,1396564,1392440,1419381,1449259
 "47045","Dyer, TN",5,CAGDP1,2,"...","Chain-type quantity indexes for real GDP","Quantity index",87.651,90.427,97.195,108.431,109.337,115.699,108.740,109.908,100.781,99.156,101.736,100.000,98.008,93.722,96.910,96.624,98.493,100.567
 "47045","Dyer, TN",5,CAGDP1,3,"...","Current-dollar GDP (thousands of current dollars)","Thousands of dollars",1015265,1061315,1149420,1307403,1334740,1448570,1410387,1455241,1382487,1362237,1416302,1441094,1446191,1411343,1510119,1534422,1576948,1636436
 "47047","Fayette, TN",5,CAGDP1,1,"...","Real GDP (thousands of chained 2012 dollars)","Thousands of chained 2012 dollars",574207,580591,651164,708726,781547,885264,871475,884257,880629,839792,879067,871763,955879,891084,928658,943298,933084,922002
 "47047","Fayette, TN",5,CAGDP1,2,"...","Chain-type quantity indexes for real GDP","Quantity index",65.867,66.600,74.695,81.298,89.651,101.549,99.967,101.433,101.017,96.333,100.838,100.000,109.649,102.216,106.526,108.206,107.034,105.763
 "47047","Fayette, TN",5,CAGDP1,3,"...","Current-dollar GDP (thousands of current dollars)","Thousands of dollars",434067,448558,511080,574255,644706,752772,770800,802079,828128,794135,850210,871763,981697,931058,1001320,1035169,1036035,1044029
 "47049","Fentress, TN",5,CAGDP1,1,"...","Real GDP (thousands of chained 2012 dollars)","Thousands of chained 2012 dollars",304817,300676,309521,350164,356812,368525,374155,368490,353226,361356,352202,371100,398666,397602,407001,398768,408761,417004
 "47049","Fentress, TN",5,CAGDP1,2,"...","Chain-type quantity indexes for real GDP","Quantity index",82.139,81.023,83.406,94.358,96.150,99.306,100.823,99.297,95.184,97.374,94.908,100.000,107.428,107.142,109.674,107.456,110.148,112.370
 "47049","Fentress, TN",5,CAGDP1,3,"...","Current-dollar GDP (thousands of current dollars)","Thousands of dollars",227426,229083,241011,283498,296787,316999,333024,334591,328541,341410,342825,371100,408851,413589,427739,424650,441702,460492
 "47051","Franklin, TN",5,CAGDP1,1,"...","Real GDP (thousands of chained 2012 dollars)","Thousands of chained 2012 dollars",839644,814172,825597,886460,886208,863577,866693,889576,871502,859033,839185,846722,921018,972427,970197,983570,987470,1016719
 "47051","Franklin, TN",5,CAGDP1,2,"...","Chain-type quantity indexes for real GDP","Quantity index",99.164,96.156,97.505,104.693,104.663,101.991,102.359,105.061,102.927,101.454,99.110,100.000,108.775,114.846,114.583,116.162,116.623,120.077
 "47051","Franklin, TN",5,CAGDP1,3,"...","Current-dollar GDP (thousands of current dollars)","Thousands of dollars",646305,638810,657466,724123,739650,746880,771346,809154,811632,812267,817476,846722,942294,1011100,1034818,1067287,1087279,1141370
 "47053","Gibson, TN",5,CAGDP1,1,"...","Real GDP (thousands of chained 2012 dollars)","Thousands of chained 2012 dollars",1247028,1236978,1278449,1329222,1307825,1410008,1321295,1309096,1300472,1279738,1361521,1302694,1391691,1334164,1305682,1320334,1332477,1410486
 "47053","Gibson, TN",5,CAGDP1,2,"...","Chain-type quantity indexes for real GDP","Quantity index",95.727,94.955,98.139,102.036,100.394,108.238,101.428,100.491,99.829,98.238,104.516,100.000,106.832,102.416,100.229,101.354,102.286,108.275
 "47053","Gibson, TN",5,CAGDP1,3,"...","Current-dollar GDP (thousands of current dollars)","Thousands of dollars",1004207,1005592,1051856,1121870,1109896,1210854,1182306,1195126,1220009,1207446,1322608,1302694,1428120,1389838,1399316,1437431,1462779,1575951
 "47055","Giles, TN",5,CAGDP1,1,"...","Real GDP (thousands of chained 2012 dollars)","Thousands of chained 2012 dollars",787833,819980,776518,792597,796740,831057,844900,822368,750030,823143,820555,855535,857259,881329,899998,956977,969959,988833
 "47055","Giles, TN",5,CAGDP1,2,"...","Chain-type quantity indexes for real GDP","Quantity index",92.087,95.844,90.764,92.644,93.128,97.139,98.757,96.123,87.668,96.214,95.911,100.000,100.202,103.015,105.197,111.857,113.375,115.581
 "47055","Giles, TN",5,CAGDP1,3,"...","Current-dollar GDP (thousands of current dollars)","Thousands of dollars",624739,658977,629368,663192,683908,733864,763469,760431,713745,791294,800401,855535,873549,921906,976423,1055156,1081927,1116040
 "47057","Grainger, TN",5,CAGDP1,1,"...","Real GDP (thousands of chained 2012 dollars)","Thousands of chained 2012 dollars",268647,287703,268703,270793,282963,315274,321978,315685,288346,308247,301003,309980,301289,305208,315641,338987,350987,359429
 "47057","Grainger, TN",5,CAGDP1,2,"...","Chain-type quantity indexes for real GDP","Quantity index",86.666,92.814,86.684,87.358,91.285,101.708,103.871,101.841,93.021,99.441,97.104,100.000,97.196,98.461,101.826,109.358,113.229,115.952
 "47057","Grainger, TN",5,CAGDP1,3,"...","Current-dollar GDP (thousands of current dollars)","Thousands of dollars",215822,235001,226342,239789,256559,290599,299296,295719,275295,297348,292335,309980,313523,328764,348954,382146,403135,426775
 "47059","Greene, TN",5,CAGDP1,1,"...","Real GDP (thousands of chained 2012 dollars)","Thousands of chained 2012 dollars",1941707,2091427,2158198,2186857,2203489,2196778,2126293,2063374,1844910,1837926,1883492,1909743,1998108,2015532,2054252,2077386,2107274,2153404
 "47059","Greene, TN",5,CAGDP1,2,"...","Chain-type quantity indexes for real GDP","Quantity index",101.674,109.514,113.010,114.511,115.381,115.030,111.339,108.045,96.605,96.239,98.625,100.000,104.627,105.539,107.567,108.778,110.343,112.759
 "47059","Greene, TN",5,CAGDP1,3,"...","Current-dollar GDP (thousands of current dollars)","Thousands of dollars",1585584,1723848,1774783,1819345,1880615,1936579,1923878,1908799,1761981,1766029,1833325,1909743,2044840,2102368,2209691,2273701,2334513,2430483
 "47061","Grundy, TN",5,CAGDP1,1,"...","Real GDP (thousands of chained 2012 dollars)","Thousands of chained 2012 dollars",182477,180428,192605,203088,212994,210519,203673,201698,199691,212737,211795,220426,214514,204930,201003,198667,202401,209935
 "47061","Grundy, TN",5,CAGDP1,2,"...","Chain-type quantity indexes for real GDP","Quantity index",82.784,81.854,87.378,92.134,96.628,95.505,92.399,91.504,90.593,96.512,96.084,100.000,97.318,92.970,91.188,90.128,91.822,95.240
 "47061","Grundy, TN",5,CAGDP1,3,"...","Current-dollar GDP (thousands of current dollars)","Thousands of dollars",142827,143529,156300,169501,181663,184463,184418,185792,188920,203304,206640,220426,220086,214975,216973,218315,225735,238649
 "47063","Hamblen, TN",5,CAGDP1,1,"...","Real GDP (thousands of chained 2012 dollars)","Thousands of chained 2012 dollars",2303005,2376373,2423869,2545161,2574264,2685019,2536781,2486662,2221678,2424714,2528325,2665290,2657330,2716881,2781652,2843223,2885876,2996630
 "47063","Hamblen, TN",5,CAGDP1,2,"...","Chain-type quantity indexes for real GDP","Quantity index",86.407,89.160,90.942,95.493,96.585,100.740,95.178,93.298,83.356,90.974,94.861,100.000,99.701,101.936,104.366,106.676,108.276,112.432
 "47063","Hamblen, TN",5,CAGDP1,3,"...","Current-dollar GDP (thousands of current dollars)","Thousands of dollars",1920593,2007029,2063836,2189091,2249399,2372128,2288947,2279860,2146155,2341185,2453289,2665290,2718796,2843538,3029776,3147854,3219313,3377502
 "47065","Hamilton, TN",5,CAGDP1,1,"...","Real GDP (thousands of chained 2012 dollars)","Thousands of chained 2012 dollars",16793612,17199366,17661759,18399393,18765831,18935968,18886004,19249634,18589607,19070914,19960873,20568186,20600657,20984780,21548453,22195043,22699612,23273742
 "47065","Hamilton, TN",5,CAGDP1,2,"...","Chain-type quantity indexes for real GDP","Quantity index",81.648,83.621,85.869,89.456,91.237,92.064,91.821,93.589,90.380,92.720,97.047,100.000,100.158,102.025,104.766,107.910,110.363,113.154
 "47065","Hamilton, TN",5,CAGDP1,3,"...","Current-dollar GDP (thousands of current dollars)","Thousands of dollars",13246953,13869351,14482857,15434913,16189107,16768754,17100653,17794479,17826007,18358899,19463240,20568186,21018967,21877598,23151565,24311106,25123109,26341437
 "47067","Hancock, TN",5,CAGDP1,1,"...","Real GDP (thousands of chained 2012 dollars)","Thousands of chained 2012 dollars",74335,77775,76405,72240,73048,81677,79881,82621,80912,83182,78840,82750,81953,82253,81973,81697,81431,84889
 "47067","Hancock, TN",5,CAGDP1,2,"...","Chain-type quantity indexes for real GDP","Quantity index",89.830,93.987,92.332,87.298,88.275,98.702,96.533,99.844,97.778,100.522,95.275,100.000,99.037,99.399,99.061,98.727,98.405,102.585
 "47067","Hancock, TN",5,CAGDP1,3,"...","Current-dollar GDP (thousands of current dollars)","Thousands of dollars",57969,61817,61876,60363,62513,71906,72839,76659,77315,80206,77089,82750,84094,85894,87936,89145,90412,95943
 "47069","Hardeman, TN",5,CAGDP1,1,"...","Real GDP (thousands of chained 2012 dollars)","Thousands of chained 2012 dollars",536007,520669,531613,562787,598228,636265,638015,713219,660816,609866,611564,588498,617302,553380,541672,536119,546090,562953
 "47069","Hardeman, TN",5,CAGDP1,2,"...","Chain-type quantity indexes for real GDP","Quantity index",91.080,88.474,90.334,95.631,101.653,108.117,108.414,121.193,112.288,103.631,103.919,100.000,104.894,94.033,92.043,91.100,92.794,95.659
 "47069","Hardeman, TN",5,CAGDP1,3,"...","Current-dollar GDP (thousands of current dollars)","Thousands of dollars",416416,412316,427421,463527,502241,546805,566665,647057,622925,576671,593199,588498,636339,584836,590893,596814,616517,647586
 "47071","Hardin, TN",5,CAGDP1,1,"...","Real GDP (thousands of chained 2012 dollars)","Thousands of chained 2012 dollars",661712,707025,707990,702563,729070,756782,731365,757493,768478,769134,790420,825108,827068,798660,796585,824101,841888,885035
 "47071","Hardin, TN",5,CAGDP1,2,"...","Chain-type quantity indexes for real GDP","Quantity index",80.197,85.689,85.806,85.148,88.361,91.719,88.639,91.805,93.137,93.216,95.796,100.000,100.238,96.795,96.543,99.878,102.034,107.263
 "47071","Hardin, TN",5,CAGDP1,3,"...","Current-dollar GDP (thousands of current dollars)","Thousands of dollars",521856,566436,575448,584323,622405,669852,664287,701490,737748,746827,774626,825108,853192,842694,863629,904394,938678,1009909
 "47073","Hawkins, TN",5,CAGDP1,1,"...","Real GDP (thousands of chained 2012 dollars)","Thousands of chained 2012 dollars",1102561,1236674,1275965,1307594,1276588,1338997,1272056,1250125,1284403,1303526,1302874,1407653,1553690,1673097,1832908,1861528,1893816,1881653
 "47073","Hawkins, TN",5,CAGDP1,2,"...","Chain-type quantity indexes for real GDP","Quantity index",78.326,87.854,90.645,92.892,90.689,95.123,90.367,88.809,91.244,92.603,92.556,100.000,110.375,118.857,130.210,132.243,134.537,133.673
 "47073","Hawkins, TN",5,CAGDP1,3,"...","Current-dollar GDP (thousands of current dollars)","Thousands of dollars",883287,1001129,1045906,1095812,1101454,1194826,1159391,1155964,1238605,1258471,1276596,1407653,1582370,1749039,1983100,2044231,2121613,2159687
 "47075","Haywood, TN",5,CAGDP1,1,"...","Real GDP (thousands of chained 2012 dollars)","Thousands of chained 2012 dollars",626543,468880,504828,558139,570884,630752,552813,583680,641012,624699,723103,672271,726932,612872,693919,737042,716530,730120
 "47075","Haywood, TN",5,CAGDP1,2,"...","Chain-type quantity indexes for real GDP","Quantity index",93.198,69.746,75.093,83.023,84.919,93.824,82.231,86.822,95.350,92.924,107.561,100.000,108.131,91.165,103.220,109.635,106.583,108.605
 "47075","Haywood, TN",5,CAGDP1,3,"...","Current-dollar GDP (thousands of current dollars)","Thousands of dollars",495826,375586,411282,468479,478560,539145,497004,535434,584442,580747,707356,672271,745844,638473,737668,785101,778514,811020
 "47077","Henderson, TN",5,CAGDP1,1,"...","Real GDP (thousands of chained 2012 dollars)","Thousands of chained 2012 dollars",682774,703892,773136,803212,799909,804571,708944,695957,642081,700803,751175,797240,741957,712234,718663,710518,716971,742392
 "47077","Henderson, TN",5,CAGDP1,2,"...","Chain-type quantity indexes for real GDP","Quantity index",85.642,88.291,96.977,100.749,100.335,100.920,88.925,87.296,80.538,87.904,94.222,100.000,93.066,89.337,90.144,89.122,89.932,93.120
 "47077","Henderson, TN",5,CAGDP1,3,"...","Current-dollar GDP (thousands of current dollars)","Thousands of dollars",566733,589613,648472,681952,694849,711581,643120,641978,619531,672775,726343,797240,761235,745683,779965,788166,805976,858077
 "47079","Henry, TN",5,CAGDP1,1,"...","Real GDP (thousands of chained 2012 dollars)","Thousands of chained 2012 dollars",870261,899073,929226,988247,1023284,1028162,947597,967116,976131,955599,978026,1009458,1081367,1092247,1095073,1130278,1143821,1124631
 "47079","Henry, TN",5,CAGDP1,2,"...","Chain-type quantity indexes for real GDP","Quantity index",86.211,89.065,92.052,97.899,101.370,101.853,93.872,95.805,96.699,94.665,96.886,100.000,107.124,108.201,108.481,111.969,113.310,111.409
 "47079","Henry, TN",5,CAGDP1,3,"...","Current-dollar GDP (thousands of current dollars)","Thousands of dollars",675684,709461,741016,806962,850761,879849,837648,874977,901234,897294,949732,1009458,1108220,1125057,1137043,1179138,1213429,1215451
 "47081","Hickman, TN",5,CAGDP1,1,"...","Real GDP (thousands of chained 2012 dollars)","Thousands of chained 2012 dollars",292320,311299,315925,322436,327939,346934,364027,351304,345045,348162,343546,348629,333120,339858,346502,354972,358082,371426
 "47081","Hickman, TN",5,CAGDP1,2,"...","Chain-type quantity indexes for real GDP","Quantity index",83.849,89.292,90.619,92.487,94.065,99.514,104.417,100.767,98.972,99.866,98.542,100.000,95.551,97.484,99.390,101.819,102.711,106.539
 "47081","Hickman, TN",5,CAGDP1,3,"...","Current-dollar GDP (thousands of current dollars)","Thousands of dollars",218996,239201,248826,262594,276102,302767,327603,322613,327559,333122,334668,348629,342584,358831,376242,392795,403565,428446
 "47083","Houston, TN",5,CAGDP1,1,"...","Real GDP (thousands of chained 2012 dollars)","Thousands of chained 2012 dollars",107232,116390,115721,118700,117263,126145,127879,125961,123611,127135,130168,136595,133646,131079,134993,131233,135603,139845
 "47083","Houston, TN",5,CAGDP1,2,"...","Chain-type quantity indexes for real GDP","Quantity index",78.504,85.208,84.719,86.900,85.847,92.350,93.619,92.216,90.495,93.075,95.295,100.000,97.841,95.962,98.828,96.075,99.274,102.380
 "47083","Houston, TN",5,CAGDP1,3,"...","Current-dollar GDP (thousands of current dollars)","Thousands of dollars",81478,90391,92319,98693,100456,111248,116551,116974,118438,122434,126971,136595,137395,137744,145577,143970,151123,159358
 "47085","Humphreys, TN",5,CAGDP1,1,"...","Real GDP (thousands of chained 2012 dollars)","Thousands of chained 2012 dollars",716124,875963,859092,926767,884765,915410,893646,801470,761297,843314,773176,715918,691774,691211,704762,673927,671970,603793
 "47085","Humphreys, TN",5,CAGDP1,2,"...","Chain-type quantity indexes for real GDP","Quantity index",100.029,122.355,119.999,129.452,123.585,127.865,124.825,111.950,106.339,117.795,107.998,100.000,96.628,96.549,98.442,94.135,93.861,84.338
 "47085","Humphreys, TN",5,CAGDP1,3,"...","Current-dollar GDP (thousands of current dollars)","Thousands of dollars",526710,653476,660889,731062,723809,784550,787468,727050,724764,807346,758921,715918,707308,725999,760698,736595,752356,694903
 "47087","Jackson, TN",5,CAGDP1,1,"...","Real GDP (thousands of chained 2012 dollars)","Thousands of chained 2012 dollars",154363,179254,179964,195070,195248,193214,185404,170079,165332,176067,176333,182273,179969,174399,169978,167232,170402,177824
 "47087","Jackson, TN",5,CAGDP1,2,"...","Chain-type quantity indexes for real GDP","Quantity index",84.687,98.343,98.733,107.020,107.118,106.003,101.718,93.310,90.706,96.595,96.741,100.000,98.736,95.680,93.255,91.748,93.487,97.559
 "47087","Jackson, TN",5,CAGDP1,3,"...","Current-dollar GDP (thousands of current dollars)","Thousands of dollars",132117,155345,158768,176292,177213,177660,172899,160153,159234,170298,172435,182273,184487,181935,181087,180104,185699,196759
 "47089","Jefferson, TN",5,CAGDP1,1,"...","Real GDP (thousands of chained 2012 dollars)","Thousands of chained 2012 dollars",1115861,1032343,1024486,1054433,1037397,1128743,1295939,1209193,1201617,1279368,1208981,1155206,1199561,1216712,1239350,1262979,1307810,1338198
 "47089","Jefferson, TN",5,CAGDP1,2,"...","Chain-type quantity indexes for real GDP","Quantity index",96.594,89.364,88.684,91.277,89.802,97.709,112.183,104.673,104.018,110.748,104.655,100.000,103.840,105.324,107.284,109.329,113.210,115.841
 "47089","Jefferson, TN",5,CAGDP1,3,"...","Current-dollar GDP (thousands of current dollars)","Thousands of dollars",843086,794933,803576,848092,861940,966788,1136243,1100423,1149234,1229408,1172055,1155206,1221843,1267921,1327565,1377752,1447960,1514345
 "47091","Johnson, TN",5,CAGDP1,1,"...","Real GDP (thousands of chained 2012 dollars)","Thousands of chained 2012 dollars",283933,305797,312602,309872,295601,321236,338078,344359,350213,349700,346351,348880,348196,345654,366293,368547,377301,375541
 "47091","Johnson, TN",5,CAGDP1,2,"...","Chain-type quantity indexes for real GDP","Quantity index",81.384,87.651,89.602,88.819,84.729,92.076,96.904,98.704,100.382,100.235,99.275,100.000,99.804,99.075,104.991,105.637,108.146,107.642
 "47091","Johnson, TN",5,CAGDP1,3,"...","Current-dollar GDP (thousands of current dollars)","Thousands of dollars",224352,246287,255430,262098,257392,287983,310163,320995,336387,336618,338080,348880,357308,363106,396715,406176,420626,430699
 "47093","Knox, TN",5,CAGDP1,1,"...","Real GDP (thousands of chained 2012 dollars)","Thousands of chained 2012 dollars",17045986,17754109,18709361,20086641,20728187,21141105,21300021,21759871,20727399,20400576,20844479,21445557,21578763,21960289,22659410,23336125,23678562,24573575
 "47093","Knox, TN",5,CAGDP1,2,"...","Chain-type quantity indexes for real GDP","Quantity index",79.485,82.787,87.241,93.663,96.655,98.580,99.321,101.466,96.651,95.127,97.197,100.000,100.621,102.400,105.660,108.816,110.412,114.586
 "47093","Knox, TN",5,CAGDP1,3,"...","Current-dollar GDP (thousands of current dollars)","Thousands of dollars",14089223,14931104,15895671,17390292,18322042,19099431,19679252,20364953,19842768,19655405,20362578,21445557,22011629,22799652,24028779,25130391,25815308,27307967
 "47095","Lake, TN",5,CAGDP1,1,"...","Real GDP (thousands of chained 2012 dollars)","Thousands of chained 2012 dollars",110045,113708,107954,112208,122475,135900,122062,158439,141533,131268,148438,150649,178092,167985,189121,191701,186864,193306
 "47095","Lake, TN",5,CAGDP1,2,"...","Chain-type quantity indexes for real GDP","Quantity index",73.047,75.479,71.659,74.483,81.298,90.210,81.024,105.171,93.949,87.135,98.532,100.000,118.216,111.507,125.537,127.250,124.039,128.315
 "47095","Lake, TN",5,CAGDP1,3,"...","Current-dollar GDP (thousands of current dollars)","Thousands of dollars",81631,85728,83865,91271,100719,114602,110946,147258,126952,121505,144997,150649,182627,173383,197536,200890,199657,210981
 "47097","Lauderdale, TN",5,CAGDP1,1,"...","Real GDP (thousands of chained 2012 dollars)","Thousands of chained 2012 dollars",542720,511514,548087,534025,561178,615935,596169,597973,559709,545749,625162,576862,597200,601451,632570,641315,652706,671103
 "47097","Lauderdale, TN",5,CAGDP1,2,"...","Chain-type quantity indexes for real GDP","Quantity index",94.081,88.672,95.012,92.574,97.281,106.773,103.347,103.660,97.027,94.607,108.373,100.000,103.526,104.263,109.657,111.173,113.148,116.337
 "47097","Lauderdale, TN",5,CAGDP1,3,"...","Current-dollar GDP (thousands of current dollars)","Thousands of dollars",441350,417989,456750,464544,489842,540965,548662,554873,521293,516367,605996,576862,615240,631663,675667,688068,716079,760976
 "47099","Lawrence, TN",5,CAGDP1,1,"...","Real GDP (thousands of chained 2012 dollars)","Thousands of chained 2012 dollars",933422,943244,981753,1003368,954493,916847,895964,884241,846796,885454,932646,954303,972851,973283,994233,989582,1020430,1057190
 "47099","Lawrence, TN",5,CAGDP1,2,"...","Chain-type quantity indexes for real GDP","Quantity index",97.812,98.841,102.876,105.141,100.020,96.075,93.887,92.658,88.734,92.785,97.731,100.000,101.944,101.989,104.184,103.697,106.929,110.781
 "47099","Lawrence, TN",5,CAGDP1,3,"...","Current-dollar GDP (thousands of current dollars)","Thousands of dollars",748007,767422,805862,837914,817387,809612,812737,816923,810921,851095,907408,954303,997946,1015416,1066002,1077120,1123582,1185737
 "47101","Lewis, TN",5,CAGDP1,1,"...","Real GDP (thousands of chained 2012 dollars)","Thousands of chained 2012 dollars",173938,175684,178771,184039,184753,192843,199991,205580,200925,203413,204738,218948,220010,229996,231591,236792,242207,249839
 "47101","Lewis, TN",5,CAGDP1,2,"...","Chain-type quantity indexes for real GDP","Quantity index",79.443,80.240,81.650,84.056,84.382,88.077,91.342,93.894,91.768,92.904,93.510,100.000,100.485,105.046,105.774,108.150,110.623,114.109
 "47101","Lewis, TN",5,CAGDP1,3,"...","Current-dollar GDP (thousands of current dollars)","Thousands of dollars",136165,140383,145067,153410,158481,171220,183176,191007,191224,195342,199157,218948,225030,238998,249169,262297,270669,285388
 "47103","Lincoln, TN",5,CAGDP1,1,"...","Real GDP (thousands of chained 2012 dollars)","Thousands of chained 2012 dollars",687583,727599,718933,736402,819891,852243,858865,831686,778606,786204,828399,838007,876253,837840,833801,864219,866822,885103
 "47103","Lincoln, TN",5,CAGDP1,2,"...","Chain-type quantity indexes for real GDP","Quantity index",82.050,86.825,85.791,87.875,97.838,101.699,102.489,99.246,92.912,93.818,98.853,100.000,104.564,99.980,99.498,103.128,103.438,105.620
 "47103","Lincoln, TN",5,CAGDP1,3,"...","Current-dollar GDP (thousands of current dollars)","Thousands of dollars",537123,580563,581872,609898,699903,746345,772306,763568,742274,753120,805644,838007,898936,881360,904170,954853,968573,1007090
 "47105","Loudon, TN",5,CAGDP1,1,"...","Real GDP (thousands of chained 2012 dollars)","Thousands of chained 2012 dollars",964716,1074056,1135168,1216907,1260343,1326980,1331271,1339431,1290007,1358597,1398571,1386395,1415349,1413798,1426738,1444532,1475299,1561274
 "47105","Loudon, TN",5,CAGDP1,2,"...","Chain-type quantity indexes for real GDP","Quantity index",69.585,77.471,81.879,87.775,90.908,95.714,96.024,96.613,93.048,97.995,100.878,100.000,102.088,101.977,102.910,104.193,106.413,112.614
 "47105","Loudon, TN",5,CAGDP1,3,"...","Current-dollar GDP (thousands of current dollars)","Thousands of dollars",765794,861921,926679,1016391,1076661,1163665,1195442,1230535,1237377,1307665,1362001,1386395,1448817,1483118,1544617,1592564,1649190,1782342
 "47107","McMinn, TN",5,CAGDP1,1,"...","Real GDP (thousands of chained 2012 dollars)","Thousands of chained 2012 dollars",1357313,1461043,1528542,1615301,1681714,1826482,1642180,1543043,1384029,1472296,1572980,1734571,1750905,1773600,1805453,1873492,1888403,1926369
 "47107","McMinn, TN",5,CAGDP1,2,"...","Chain-type quantity indexes for real GDP","Quantity index",78.251,84.231,88.122,93.124,96.953,105.299,94.674,88.958,79.791,84.880,90.684,100.000,100.942,102.250,104.086,108.009,108.869,111.057
 "47107","McMinn, TN",5,CAGDP1,3,"...","Current-dollar GDP (thousands of current dollars)","Thousands of dollars",1146831,1245844,1304598,1396814,1477790,1641132,1512378,1437743,1337688,1427239,1532010,1734571,1788348,1856388,1960719,2061748,2112253,2186007
 "47109","McNairy, TN",5,CAGDP1,1,"...","Real GDP (thousands of chained 2012 dollars)","Thousands of chained 2012 dollars",719014,705339,718754,710280,702875,687578,651110,584452,550824,567027,550995,545750,530213,591130,596735,580467,592409,597781
 "47109","McNairy, TN",5,CAGDP1,2,"...","Chain-type quantity indexes for real GDP","Quantity index",131.748,129.242,131.700,130.147,128.791,125.988,119.306,107.092,100.930,103.899,100.961,100.000,97.153,108.315,109.342,106.361,108.550,109.534
 "47109","McNairy, TN",5,CAGDP1,3,"...","Current-dollar GDP (thousands of current dollars)","Thousands of dollars",535282,517214,541044,547672,570655,579316,564425,513414,493956,520896,534030,545750,534145,600786,607314,570465,609185,651958
 "47111","Macon, TN",5,CAGDP1,1,"...","Real GDP (thousands of chained 2012 dollars)","Thousands of chained 2012 dollars",342059,351971,364490,370611,406135,409397,417955,442364,419939,444200,420239,471523,414375,456763,506721,511058,542079,511236
 "47111","Macon, TN",5,CAGDP1,2,"...","Chain-type quantity indexes for real GDP","Quantity index",72.543,74.646,77.301,78.599,86.132,86.824,88.639,93.816,89.060,94.205,89.124,100.000,87.880,96.870,107.465,108.385,114.963,108.422
 "47111","Macon, TN",5,CAGDP1,3,"...","Current-dollar GDP (thousands of current dollars)","Thousands of dollars",272909,285547,301105,314881,351186,362841,377472,404674,380826,413056,409406,471523,426921,478047,525180,524610,570085,547031
 "47113","Madison, TN",5,CAGDP1,1,"...","Real GDP (thousands of chained 2012 dollars)","Thousands of chained 2012 dollars",4508204,4523978,4619658,4756511,4839542,4918485,4869105,4911910,4643764,4715416,4942669,4990580,4941054,4999524,5028505,5104444,5207837,5306184
 "47113","Madison, TN",5,CAGDP1,2,"...","Chain-type quantity indexes for real GDP","Quantity index",90.334,90.650,92.568,95.310,96.974,98.555,97.566,98.424,93.051,94.486,99.040,100.000,99.008,100.179,100.760,102.282,104.353,106.324
 "47113","Madison, TN",5,CAGDP1,3,"...","Current-dollar GDP (thousands of current dollars)","Thousands of dollars",3428212,3493412,3630663,3843862,4068085,4273884,4365298,4505764,4383470,4503537,4815640,4990580,5025662,5182863,5314163,5416779,5636892,5904599
 "47115","Marion, TN",5,CAGDP1,1,"...","Real GDP (thousands of chained 2012 dollars)","Thousands of chained 2012 dollars",493111,525106,536117,554501,567133,613862,595896,614392,600627,626768,651466,679716,684229,662428,675834,697086,717654,727781
 "47115","Marion, TN",5,CAGDP1,2,"...","Chain-type quantity indexes for real GDP","Quantity index",72.547,77.254,78.874,81.578,83.437,90.311,87.668,90.389,88.364,92.210,95.844,100.000,100.664,97.456,99.429,102.555,105.581,107.071
 "47115","Marion, TN",5,CAGDP1,3,"...","Current-dollar GDP (thousands of current dollars)","Thousands of dollars",394611,427370,441014,468437,493361,555601,552140,579971,573962,608035,641944,679716,696312,691378,722793,752960,792385,828230
 "47117","Marshall, TN",5,CAGDP1,1,"...","Real GDP (thousands of chained 2012 dollars)","Thousands of chained 2012 dollars",856228,910999,857516,876015,830711,821949,789141,830370,754852,677483,694073,723221,737223,775904,812471,824325,923298,959596
 "47117","Marshall, TN",5,CAGDP1,2,"...","Chain-type quantity indexes for real GDP","Quantity index",118.391,125.964,118.569,121.127,114.863,113.651,109.115,114.816,104.374,93.676,95.970,100.000,101.936,107.284,112.341,113.980,127.665,132.684
 "47117","Marshall, TN",5,CAGDP1,3,"...","Current-dollar GDP (thousands of current dollars)","Thousands of dollars",811613,868329,811464,830657,791954,792210,765959,801288,727056,656931,686225,723221,744651,802024,848776,862130,989865,1050646
 "47119","Maury, TN",5,CAGDP1,1,"...","Real GDP (thousands of chained 2012 dollars)","Thousands of chained 2012 dollars",2756855,2918301,3007961,3112829,3111940,3470507,2880696,2968235,2635058,2636554,2713561,2725521,2774846,2758494,2824220,3029705,3196187,3285859
 "47119","Maury, TN",5,CAGDP1,2,"...","Chain-type quantity indexes for real GDP","Quantity index",101.150,107.073,110.363,114.210,114.178,127.334,105.693,108.905,96.681,96.736,99.561,100.000,101.810,101.210,103.621,111.161,117.269,120.559
 "47119","Maury, TN",5,CAGDP1,3,"...","Current-dollar GDP (thousands of current dollars)","Thousands of dollars",2508870,2649442,2740070,2835577,2828685,3117820,2632643,2726383,2542469,2546717,2645960,2725521,2834334,2882940,3042839,3315149,3537857,3696773
 "47121","Meigs, TN",5,CAGDP1,1,"...","Real GDP (thousands of chained 2012 dollars)","Thousands of chained 2012 dollars",143040,143020,146598,154165,162643,184039,185501,183231,168593,177038,179558,190855,204232,199894,195162,198079,212888,220368
 "47121","Meigs, TN",5,CAGDP1,2,"...","Chain-type quantity indexes for real GDP","Quantity index",74.947,74.937,76.811,80.776,85.218,96.428,97.194,96.005,88.336,92.760,94.080,100.000,107.009,104.736,102.257,103.785,111.544,115.463
 "47121","Meigs, TN",5,CAGDP1,3,"...","Current-dollar GDP (thousands of current dollars)","Thousands of dollars",116636,118217,121872,130195,139958,161829,167280,166717,160866,169737,175905,190855,208208,208368,209398,215667,234116,248427
 "47123","Monroe, TN",5,CAGDP1,1,"...","Real GDP (thousands of chained 2012 dollars)","Thousands of chained 2012 dollars",862606,914920,972580,1077251,1134870,1167077,1114677,1036544,865952,1030645,1165634,1101250,1067142,1071495,1074259,1135166,1138152,1174306
 "47123","Monroe, TN",5,CAGDP1,2,"...","Chain-type quantity indexes for real GDP","Quantity index",78.330,83.080,88.316,97.821,103.053,105.977,101.219,94.124,78.634,93.589,105.846,100.000,96.903,97.298,97.549,103.080,103.351,106.634
 "47123","Monroe, TN",5,CAGDP1,3,"...","Current-dollar GDP (thousands of current dollars)","Thousands of dollars",719954,773911,832079,940341,1012374,1065058,1037327,972700,839130,1001809,1134092,1101250,1090889,1125001,1167965,1254401,1277573,1340736
 "47125","Montgomery, TN",5,CAGDP1,1,"...","Real GDP (thousands of chained 2012 dollars)","Thousands of chained 2012 dollars",3092700,3214324,3327106,3587839,3816666,3971599,3846445,3886633,3830837,3998239,4305015,4459536,4421931,4405055,4482871,4607178,4773344,4928685
 "47125","Montgomery, TN",5,CAGDP1,2,"...","Chain-type quantity indexes for real GDP","Quantity index",69.350,72.078,74.607,80.453,85.584,89.059,86.252,87.153,85.902,89.656,96.535,100.000,99.157,98.778,100.523,103.311,107.037,110.520
 "47125","Montgomery, TN",5,CAGDP1,3,"...","Current-dollar GDP (thousands of current dollars)","Thousands of dollars",2415432,2558741,2691923,2975535,3267355,3513297,3508729,3610767,3660524,3852072,4208911,4459536,4517906,4598147,4812912,5036674,5299223,5578688
 "47127","Moore, TN",5,CAGDP1,1,"...","Real GDP (thousands of chained 2012 dollars)","Thousands of chained 2012 dollars",141563,139530,127120,137444,149354,162810,165069,155097,149516,145026,143602,159975,159844,166302,176274,164163,171954,187161
 "47127","Moore, TN",5,CAGDP1,2,"...","Chain-type quantity indexes for real GDP","Quantity index",88.491,87.220,79.462,85.916,93.361,101.772,103.184,96.951,93.462,90.655,89.765,100.000,99.918,103.955,110.188,102.618,107.488,116.994
 "47127","Moore, TN",5,CAGDP1,3,"...","Current-dollar GDP (thousands of current dollars)","Thousands of dollars",105108,106519,98285,108764,121398,134407,139256,137030,142385,139059,137859,159975,163885,174217,187265,177656,185853,202648
 "47129","Morgan, TN",5,CAGDP1,1,"...","Real GDP (thousands of chained 2012 dollars)","Thousands of chained 2012 dollars",240464,247832,249574,252248,265923,284898,289516,295711,280864,277993,283315,285268,283437,267114,261095,250873,253582,265071
 "47129","Morgan, TN",5,CAGDP1,2,"...","Chain-type quantity indexes for real GDP","Quantity index",84.294,86.877,87.487,88.425,93.219,99.870,101.489,103.661,98.456,97.450,99.315,100.000,99.358,93.636,91.526,87.943,88.893,92.920
 "47129","Morgan, TN",5,CAGDP1,3,"...","Current-dollar GDP (thousands of current dollars)","Thousands of dollars",181119,191160,197238,207268,226082,250940,264089,275467,268542,268394,277469,285268,290337,279307,278142,270954,279268,299323
 "47131","Obion, TN",5,CAGDP1,1,"...","Real GDP (thousands of chained 2012 dollars)","Thousands of chained 2012 dollars",1281949,1272315,1301335,1164435,1192176,1168484,1217532,1236589,1280232,1138712,1136106,967914,1048063,1063598,1029732,1019923,1036501,1034308
 "47131","Obion, TN",5,CAGDP1,2,"...","Chain-type quantity indexes for real GDP","Quantity index",132.445,131.449,134.447,120.304,123.170,120.722,125.789,127.758,132.267,117.646,117.377,100.000,108.281,109.886,106.387,105.373,107.086,106.860
 "47131","Obion, TN",5,CAGDP1,3,"...","Current-dollar GDP (thousands of current dollars)","Thousands of dollars",1049903,1052601,1077461,974595,1006169,1021788,1087918,1126137,1198146,1068337,1100358,967914,1075288,1101589,1079346,1082726,1113521,1126317
 "47133","Overton, TN",5,CAGDP1,1,"...","Real GDP (thousands of chained 2012 dollars)","Thousands of chained 2012 dollars",340917,365955,373939,437319,406380,427323,430986,425262,402345,437742,427483,442206,432053,428990,434657,455777,470799,485920
 "47133","Overton, TN",5,CAGDP1,2,"...","Chain-type quantity indexes for real GDP","Quantity index",77.095,82.757,84.562,98.895,91.898,96.634,97.463,96.168,90.986,98.991,96.671,100.000,97.704,97.011,98.293,103.069,106.466,109.885
 "47133","Overton, TN",5,CAGDP1,3,"...","Current-dollar GDP (thousands of current dollars)","Thousands of dollars",274043,299126,310149,368997,349353,375720,389188,390281,381715,419014,416428,442206,442407,447952,467201,499028,523067,551897
 "47135","Perry, TN",5,CAGDP1,1,"...","Real GDP (thousands of chained 2012 dollars)","Thousands of chained 2012 dollars",165740,176407,182352,195389,196070,202368,195264,161439,142940,153194,144432,154985,151834,152829,151866,157459,164580,169171
 "47135","Perry, TN",5,CAGDP1,2,"...","Chain-type quantity indexes for real GDP","Quantity index",106.939,113.822,117.658,126.070,126.509,130.573,125.989,104.164,92.229,98.845,93.191,100.000,97.967,98.609,97.987,101.596,106.191,109.153
 "47135","Perry, TN",5,CAGDP1,3,"...","Current-dollar GDP (thousands of current dollars)","Thousands of dollars",138085,149628,155107,167080,169629,178103,174713,146970,134798,146150,140566,154985,155842,159522,163331,172246,182813,192242
 "47137","Pickett, TN",5,CAGDP1,1,"...","Real GDP (thousands of chained 2012 dollars)","Thousands of chained 2012 dollars",80100,78682,79354,79891,80224,83644,88675,84782,80893,85584,88776,103105,107658,116766,134100,123818,127368,130490
 "47137","Pickett, TN",5,CAGDP1,2,"...","Chain-type quantity indexes for real GDP","Quantity index",77.688,76.312,76.963,77.485,77.808,81.124,86.005,82.228,78.457,83.006,86.103,100.000,104.415,113.249,130.061,120.089,123.532,126.560
 "47137","Pickett, TN",5,CAGDP1,3,"...","Current-dollar GDP (thousands of current dollars)","Thousands of dollars",61612,61767,63757,66569,68632,73695,80846,78767,77020,82161,86484,103105,110534,121942,142194,133329,139346,146021
 "47139","Polk, TN",5,CAGDP1,1,"...","Real GDP (thousands of chained 2012 dollars)","Thousands of chained 2012 dollars",278424,283283,280420,281603,294181,287288,270195,287398,306064,307499,275203,278128,293609,290894,288706,272449,272205,287388
 "47139","Polk, TN",5,CAGDP1,2,"...","Chain-type quantity indexes for real GDP","Quantity index",100.106,101.853,100.824,101.249,105.772,103.293,97.148,103.333,110.044,110.560,98.948,100.000,105.566,104.590,103.803,97.958,97.870,103.329
 "47139","Polk, TN",5,CAGDP1,3,"...","Current-dollar GDP (thousands of current dollars)","Thousands of dollars",209406,217306,220277,228140,243581,245047,238107,259649,284140,289593,268801,278128,300445,300996,298997,282637,288460,310353
 "47141","Putnam, TN",5,CAGDP1,1,"...","Real GDP (thousands of chained 2012 dollars)","Thousands of chained 2012 dollars",2244771,2338455,2452297,2630774,2727348,2884013,2780959,2819752,2652698,2678098,2752996,2868590,2893206,2948296,3010708,3107373,3213131,3308251
 "47141","Putnam, TN",5,CAGDP1,2,"...","Chain-type quantity indexes for real GDP","Quantity index",78.253,81.519,85.488,91.710,95.076,100.538,96.945,98.297,92.474,93.359,95.970,100.000,100.858,102.779,104.954,108.324,112.011,115.327
 "47141","Putnam, TN",5,CAGDP1,3,"...","Current-dollar GDP (thousands of current dollars)","Thousands of dollars",1844992,1959884,2075586,2256762,2386292,2555295,2518960,2600795,2550769,2580283,2675649,2868590,2963315,3091644,3264440,3426523,3579192,3745588
 "47143","Rhea, TN",5,CAGDP1,1,"...","Real GDP (thousands of chained 2012 dollars)","Thousands of chained 2012 dollars",884770,1131872,1162106,1197354,1147520,1140975,1244451,1107679,1240112,1206338,1215184,1233435,1381357,1426144,1476179,1626403,1701138,1892112
 "47143","Rhea, TN",5,CAGDP1,2,"...","Chain-type quantity indexes for real GDP","Quantity index",71.732,91.766,94.217,97.075,93.034,92.504,100.893,89.804,100.541,97.803,98.520,100.000,111.993,115.624,119.680,131.860,137.919,153.402
 "47143","Rhea, TN",5,CAGDP1,3,"...","Current-dollar GDP (thousands of current dollars)","Thousands of dollars",698137,908597,963100,1012388,1000095,1023009,1144196,1029690,1213667,1180646,1200901,1233435,1409863,1501977,1600723,1779148,1890221,2155452
 "47145","Roane, TN",5,CAGDP1,1,"...","Real GDP (thousands of chained 2012 dollars)","Thousands of chained 2012 dollars",1715587,2040307,2070895,2100263,2148589,2212364,2181538,2235873,2123174,2260609,2413089,2072076,2035048,2113976,2128394,2242410,2276626,2206450
 "47145","Roane, TN",5,CAGDP1,2,"...","Chain-type quantity indexes for real GDP","Quantity index",82.796,98.467,99.943,101.360,103.693,106.770,105.283,107.905,102.466,109.099,116.458,100.000,98.213,102.022,102.718,108.220,109.872,106.485
 "47145","Roane, TN",5,CAGDP1,3,"...","Current-dollar GDP (thousands of current dollars)","Thousands of dollars",1297480,1577054,1648055,1725006,1821209,1953316,1991956,2081874,2036803,2180562,2332803,2072076,2076690,2199074,2272925,2427233,2510167,2492347
 "47147","Robertson, TN",5,CAGDP1,1,"...","Real GDP (thousands of chained 2012 dollars)","Thousands of chained 2012 dollars",1224739,1308794,1389504,1534912,1601069,1723192,1655376,1762192,1654827,1563191,1680682,1889251,1986651,2029151,2147170,2150193,2147428,2138230
 "47147","Robertson, TN",5,CAGDP1,2,"...","Chain-type quantity indexes for real GDP","Quantity index",64.827,69.276,73.548,81.244,84.746,91.210,87.621,93.275,87.592,82.741,88.960,100.000,105.155,107.405,113.652,113.812,113.666,113.179
 "47147","Robertson, TN",5,CAGDP1,3,"...","Current-dollar GDP (thousands of current dollars)","Thousands of dollars",991052,1074282,1148250,1289782,1372165,1513824,1504946,1632714,1588412,1500419,1630299,1889251,2028868,2103447,2282228,2307376,2327427,2368047
 "47149","Rutherford, TN",5,CAGDP1,1,"...","Real GDP (thousands of chained 2012 dollars)","Thousands of chained 2012 dollars",6677044,7113923,7647495,8769091,9339585,9964983,10412563,10669491,9602676,10204576,10380484,10931322,11320956,11793186,12001017,12407135,12805719,13308992
 "47149","Rutherford, TN",5,CAGDP1,2,"...","Chain-type quantity indexes for real GDP","Quantity index",61.082,65.078,69.959,80.220,85.439,91.160,95.254,97.605,87.846,93.352,94.961,100.000,103.564,107.884,109.786,113.501,117.147,121.751
 "47149","Rutherford, TN",5,CAGDP1,3,"...","Current-dollar GDP (thousands of current dollars)","Thousands of dollars",5918379,6362246,6857530,7919801,8502366,9101688,9659959,9938558,9364232,9900392,10062735,10931322,11537102,12292227,13060234,13754847,14302659,15039503
 "47151","Scott, TN",5,CAGDP1,1,"...","Real GDP (thousands of chained 2012 dollars)","Thousands of chained 2012 dollars",419865,421150,411082,416035,415395,429854,446528,427966,403970,396644,404183,418476,446833,483170,486078,487828,504414,524815
 "47151","Scott, TN",5,CAGDP1,2,"...","Chain-type quantity indexes for real GDP","Quantity index",100.332,100.639,98.233,99.417,99.264,102.719,106.703,102.268,96.533,94.783,96.584,100.000,106.776,115.459,116.154,116.573,120.536,125.411
 "47151","Scott, TN",5,CAGDP1,3,"...","Current-dollar GDP (thousands of current dollars)","Thousands of dollars",336026,342136,342651,361623,371288,391947,412477,401354,383159,382464,395899,418476,459975,510133,524919,535704,559452,589311
 "47153","Sequatchie, TN",5,CAGDP1,1,"...","Real GDP (thousands of chained 2012 dollars)","Thousands of chained 2012 dollars",207866,211086,224573,243200,251713,267027,256160,238961,217095,210487,206333,229026,228257,231719,242146,247846,246417,247420
 "47153","Sequatchie, TN",5,CAGDP1,2,"...","Chain-type quantity indexes for real GDP","Quantity index",90.761,92.167,98.056,106.189,109.906,116.592,111.848,104.338,94.791,91.905,90.091,100.000,99.664,101.176,105.729,108.217,107.593,108.031
 "47153","Sequatchie, TN",5,CAGDP1,3,"...","Current-dollar GDP (thousands of current dollars)","Thousands of dollars",154231,159441,172784,194315,209156,232127,230968,220510,203760,200970,201654,229026,232826,240311,256158,266583,270693,278255
 "47155","Sevier, TN",5,CAGDP1,1,"...","Real GDP (thousands of chained 2012 dollars)","Thousands of chained 2012 dollars",2523696,2643455,2711788,2866826,2982387,3021156,3004431,2932561,2820321,2850808,2902594,3053236,3129727,3183968,3295860,3349914,3445451,3591754
 "47155","Sevier, TN",5,CAGDP1,2,"...","Chain-type quantity indexes for real GDP","Quantity index",82.656,86.579,88.817,93.895,97.680,98.949,98.402,96.048,92.372,93.370,95.066,100.000,102.505,104.282,107.946,109.717,112.846,117.638
 "47155","Sevier, TN",5,CAGDP1,3,"...","Current-dollar GDP (thousands of current dollars)","Thousands of dollars",1953860,2090980,2179937,2365020,2545468,2665146,2745233,2736407,2691470,2732721,2817236,3053236,3202864,3336944,3567146,3721588,3889486,4148649
 "47157","Shelby, TN",5,CAGDP1,1,"...","Real GDP (thousands of chained 2012 dollars)","Thousands of chained 2012 dollars",54448215,55335925,55885702,56634333,57057747,56789175,55571188,54955415,52842138,52973126,53520778,55097658,54876283,54457690,55217782,55660164,56274641,57633301
 "47157","Shelby, TN",5,CAGDP1,2,"...","Chain-type quantity indexes for real GDP","Quantity index",98.821,100.432,101.430,102.789,103.557,103.070,100.859,99.742,95.906,96.144,97.138,100.000,99.598,98.838,100.218,101.021,102.136,104.602
 "47157","Shelby, TN",5,CAGDP1,3,"...","Current-dollar GDP (thousands of current dollars)","Thousands of dollars",41863416,43273509,44348260,46160824,47923932,49300581,49839059,50342626,49775689,50489192,52032378,55097658,56117676,56824052,59162907,60488086,62061375,65031814
 "47159","Smith, TN",5,CAGDP1,1,"...","Real GDP (thousands of chained 2012 dollars)","Thousands of chained 2012 dollars",431035,480905,491504,472303,442969,463814,484545,537613,457178,501994,534038,561392,605874,623844,619101,581835,602601,685356
 "47159","Smith, TN",5,CAGDP1,2,"...","Chain-type quantity indexes for real GDP","Quantity index",76.780,85.663,87.551,84.131,78.905,82.618,86.311,95.764,81.437,89.419,95.127,100.000,107.923,111.124,110.280,103.641,107.340,122.081
 "47159","Smith, TN",5,CAGDP1,3,"...","Current-dollar GDP (thousands of current dollars)","Thousands of dollars",337723,381038,394870,394174,379845,413402,445570,507108,432084,485914,530923,561392,604469,634486,634156,597445,639258,745508
 "47161","Stewart, TN",5,CAGDP1,1,"...","Real GDP (thousands of chained 2012 dollars)","Thousands of chained 2012 dollars",526534,818782,706524,884994,806161,941406,839659,723065,938956,811769,777732,860315,877965,1018914,1086774,959056,759200,805094
 "47161","Stewart, TN",5,CAGDP1,2,"...","Chain-type quantity indexes for real GDP","Quantity index",61.202,95.172,82.124,102.869,93.705,109.426,97.599,84.047,109.141,94.357,90.401,100.000,102.052,118.435,126.323,111.477,88.247,93.581
 "47161","Stewart, TN",5,CAGDP1,3,"...","Current-dollar GDP (thousands of current dollars)","Thousands of dollars",403044,632774,572041,738074,700050,857499,784946,682376,934868,808600,780679,860315,897440,1084512,1180608,1041931,841559,919563
 "47163","Sullivan, TN",5,CAGDP1,1,"...","Real GDP (thousands of chained 2012 dollars)","Thousands of chained 2012 dollars",6481563,6392399,6214475,6982338,6665496,7165549,7296587,7269438,6963520,7025760,7279406,7292295,7159899,6713321,6805720,6843903,6913718,7134333
 "47163","Sullivan, TN",5,CAGDP1,2,"...","Chain-type quantity indexes for real GDP","Quantity index",88.882,87.660,85.220,95.750,91.405,98.262,100.059,99.687,95.491,96.345,99.823,100.000,98.184,92.060,93.328,93.851,94.809,97.834
 "47163","Sullivan, TN",5,CAGDP1,3,"...","Current-dollar GDP (thousands of current dollars)","Thousands of dollars",4915737,4924320,4852611,5554163,5454576,6043775,6300652,6496559,6524995,6601315,7045279,7292295,7315161,7018570,7325882,7512058,7738466,8169722
 "47165","Sumner, TN",5,CAGDP1,1,"...","Real GDP (thousands of chained 2012 dollars)","Thousands of chained 2012 dollars",3389531,3680928,3799939,4049168,4174132,4472824,4357829,4347311,4203019,4287804,4539220,4806493,5090067,5297040,5421962,5625727,5842545,5919474
 "47165","Sumner, TN",5,CAGDP1,2,"...","Chain-type quantity indexes for real GDP","Quantity index",70.520,76.582,79.058,84.244,86.844,93.058,90.665,90.447,87.445,89.209,94.439,100.000,105.900,110.206,112.805,117.044,121.555,123.156
 "47165","Sumner, TN",5,CAGDP1,3,"...","Current-dollar GDP (thousands of current dollars)","Thousands of dollars",2678801,2956760,3107473,3400465,3610224,3983768,3994267,4053702,4057845,4150604,4440780,4806493,5194326,5531355,5837030,6163319,6491827,6706911
 "47167","Tipton, TN",5,CAGDP1,1,"...","Real GDP (thousands of chained 2012 dollars)","Thousands of chained 2012 dollars",894281,900461,930642,1008360,1013083,1115838,1079792,1039223,981385,936453,978998,966793,998225,953032,993205,1014528,1009855,1030904
 "47167","Tipton, TN",5,CAGDP1,2,"...","Chain-type quantity indexes for real GDP","Quantity index",92.500,93.139,96.261,104.299,104.788,115.416,111.688,107.492,101.509,96.862,101.262,100.000,103.251,98.577,102.732,104.937,104.454,106.631
 "47167","Tipton, TN",5,CAGDP1,3,"...","Current-dollar GDP (thousands of current dollars)","Thousands of dollars",693618,713886,747176,832181,852616,961806,969544,954608,930842,895656,951961,966793,1023136,1001077,1074437,1119182,1129211,1172035
 "47169","Trousdale, TN",5,CAGDP1,1,"...","Real GDP (thousands of chained 2012 dollars)","Thousands of chained 2012 dollars",134280,138738,136009,141645,134952,138259,137085,141288,133544,137294,139711,148158,143266,137214,146683,147991,158751,179992
 "47169","Trousdale, TN",5,CAGDP1,2,"...","Chain-type quantity indexes for real GDP","Quantity index",90.633,93.642,91.800,95.604,91.086,93.318,92.526,95.363,90.136,92.667,94.298,100.000,96.698,92.613,99.004,99.887,107.149,121.486
 "47169","Trousdale, TN",5,CAGDP1,3,"...","Current-dollar GDP (thousands of current dollars)","Thousands of dollars",102177,107205,107822,116778,114501,121042,124310,131122,128283,131970,136076,148158,147091,143669,158145,162793,177165,205452
 "47171","Unicoi, TN",5,CAGDP1,1,"...","Real GDP (thousands of chained 2012 dollars)","Thousands of chained 2012 dollars",415282,427195,453637,561767,564795,601987,630325,658089,630352,612275,602275,570500,569322,528331,526456,472446,470222,494808
 "47171","Unicoi, TN",5,CAGDP1,2,"...","Chain-type quantity indexes for real GDP","Quantity index",72.793,74.881,79.516,98.469,99.000,105.519,110.486,115.353,110.491,107.323,105.570,100.000,99.793,92.608,92.280,82.813,82.423,86.732
 "47171","Unicoi, TN",5,CAGDP1,3,"...","Current-dollar GDP (thousands of current dollars)","Thousands of dollars",341759,358086,382635,477456,489462,529599,555547,588111,586035,566862,579351,570500,583807,553632,570370,521281,527549,568112
 "47173","Union, TN",5,CAGDP1,1,"...","Real GDP (thousands of chained 2012 dollars)","Thousands of chained 2012 dollars",216825,233419,234205,241031,254010,279836,286042,292589,289043,298827,292913,307476,260748,257304,266159,271565,291110,298006
 "47173","Union, TN",5,CAGDP1,2,"...","Chain-type quantity indexes for real GDP","Quantity index",70.518,75.915,76.170,78.390,82.611,91.011,93.029,95.158,94.005,97.187,95.264,100.000,84.803,83.683,86.563,88.321,94.678,96.920
 "47173","Union, TN",5,CAGDP1,3,"...","Current-dollar GDP (thousands of current dollars)","Thousands of dollars",174410,192298,196628,209646,228382,259070,267572,274816,276758,289082,283872,307476,271850,276745,293945,305789,334265,352576
 "47175","Van Buren, TN",5,CAGDP1,1,"...","Real GDP (thousands of chained 2012 dollars)","Thousands of chained 2012 dollars",79523,77582,72508,78908,79155,85027,85630,83488,76305,77845,79576,85052,88324,89718,93472,87715,85770,89977
 "47175","Van Buren, TN",5,CAGDP1,2,"...","Chain-type quantity indexes for real GDP","Quantity index",93.499,91.217,85.251,92.776,93.068,99.971,100.680,98.162,89.716,91.527,93.562,100.000,103.848,105.486,109.901,103.132,100.845,105.792
 "47175","Van Buren, TN",5,CAGDP1,3,"...","Current-dollar GDP (thousands of current dollars)","Thousands of dollars",59814,59328,56391,63619,66329,73366,76733,76611,73097,74677,77494,85052,90970,94071,100834,96047,94941,101598
 "47177","Warren, TN",5,CAGDP1,1,"...","Real GDP (thousands of chained 2012 dollars)","Thousands of chained 2012 dollars",966049,1043476,1088055,1131160,1150549,1137928,1053647,1017952,939731,1043055,1087419,1188304,1207587,1241339,1242011,1294840,1249868,1258085
 "47177","Warren, TN",5,CAGDP1,2,"...","Chain-type quantity indexes for real GDP","Quantity index",81.296,87.812,91.564,95.191,96.823,95.761,88.668,85.664,79.082,87.777,91.510,100.000,101.623,104.463,104.520,108.965,105.181,105.872
 "47177","Warren, TN",5,CAGDP1,3,"...","Current-dollar GDP (thousands of current dollars)","Thousands of dollars",822791,896717,936095,975830,1005497,1021133,962253,941700,907963,1003671,1053179,1188304,1238315,1297609,1352505,1432134,1391274,1421164
 "47179","Washington, TN",5,CAGDP1,1,"...","Real GDP (thousands of chained 2012 dollars)","Thousands of chained 2012 dollars",3898781,4005014,4247492,4551517,4647831,4779782,4809693,4970650,4833542,4676014,4842444,4976154,4941204,4916371,5145002,5213835,5347622,5468691
 "47179","Washington, TN",5,CAGDP1,2,"...","Chain-type quantity indexes for real GDP","Quantity index",78.349,80.484,85.357,91.467,93.402,96.054,96.655,99.889,97.134,93.968,97.313,100.000,99.298,98.799,103.393,104.776,107.465,109.898
 "47179","Washington, TN",5,CAGDP1,3,"...","Current-dollar GDP (thousands of current dollars)","Thousands of dollars",3282600,3426490,3659959,3972290,4123020,4316849,4438335,4638709,4631742,4511004,4727408,4976154,5047861,5115754,5472330,5632557,5848690,6099780
 "47181","Wayne, TN",5,CAGDP1,1,"...","Real GDP (thousands of chained 2012 dollars)","Thousands of chained 2012 dollars",242594,261937,257589,272306,275260,285864,307253,310270,289334,282035,280643,290415,294362,293493,296375,273369,280453,292463
 "47181","Wayne, TN",5,CAGDP1,2,"...","Chain-type quantity indexes for real GDP","Quantity index",83.534,90.194,88.697,93.765,94.782,98.433,105.798,106.837,99.628,97.115,96.635,100.000,101.359,101.060,102.052,94.130,96.570,100.705
 "47181","Wayne, TN",5,CAGDP1,3,"...","Current-dollar GDP (thousands of current dollars)","Thousands of dollars",194431,213889,214824,235842,243621,258970,283705,290632,276605,272817,273488,290415,304434,311617,319688,300506,314671,337678
 "47183","Weakley, TN",5,CAGDP1,1,"...","Real GDP (thousands of chained 2012 dollars)","Thousands of chained 2012 dollars",922394,948370,966484,965437,1020895,1028748,949280,946753,984833,916733,959142,991775,1061822,1036636,1029677,1055415,1093648,1112897
 "47183","Weakley, TN",5,CAGDP1,2,"...","Chain-type quantity indexes for real GDP","Quantity index",93.004,95.623,97.450,97.344,102.936,103.728,95.715,95.460,99.300,92.434,96.710,100.000,107.063,104.523,103.822,106.417,110.272,112.213
 "47183","Weakley, TN",5,CAGDP1,3,"...","Current-dollar GDP (thousands of current dollars)","Thousands of dollars",685733,716726,744734,774689,840196,874491,846580,863422,896388,856094,933854,991775,1092329,1076741,1068046,1094204,1164144,1210373
 "47185","White, TN",5,CAGDP1,1,"...","Real GDP (thousands of chained 2012 dollars)","Thousands of chained 2012 dollars",500631,559643,636181,702891,674331,623974,590657,566234,535778,581133,602556,638457,625296,614345,606801,632154,641565,650494
 "47185","White, TN",5,CAGDP1,2,"...","Chain-type quantity indexes for real GDP","Quantity index",78.413,87.655,99.644,110.092,105.619,97.732,92.513,88.688,83.918,91.021,94.377,100.000,97.939,96.223,95.042,99.013,100.487,101.885
 "47185","White, TN",5,CAGDP1,3,"...","Current-dollar GDP (thousands of current dollars)","Thousands of dollars",436713,488396,548817,605322,584844,548285,530417,518129,511623,555807,583246,638457,641723,644814,660072,699879,719261,742352
 "47187","Williamson, TN",5,CAGDP1,1,"...","Real GDP (thousands of chained 2012 dollars)","Thousands of chained 2012 dollars",6485629,6837146,7475764,8321362,9249217,9610263,10370836,10984881,11162775,12125456,13431146,15287980,16418487,17603858,19361207,19817193,19766971,20705085
 "47187","Williamson, TN",5,CAGDP1,2,"...","Chain-type quantity indexes for real GDP","Quantity index",42.423,44.722,48.900,54.431,60.500,62.862,67.837,71.853,73.017,79.314,87.854,100.000,107.395,115.148,126.643,129.626,129.297,135.434
 "47187","Williamson, TN",5,CAGDP1,3,"...","Current-dollar GDP (thousands of current dollars)","Thousands of dollars",5188188,5569116,6181353,7056147,8059410,8629259,9585887,10279473,10610626,11662783,13074688,15287980,16718501,18259460,20551816,21464458,21613946,22991779
 "47189","Wilson, TN",5,CAGDP1,1,"...","Real GDP (thousands of chained 2012 dollars)","Thousands of chained 2012 dollars",2166178,2426731,2804603,3182495,3212283,3334419,3707080,4125061,4031484,3309321,3299015,3479191,3548682,3719601,3971535,4127355,4276223,4442285
 "47189","Wilson, TN",5,CAGDP1,2,"...","Chain-type quantity indexes for real GDP","Quantity index",62.261,69.750,80.611,91.472,92.328,95.839,106.550,118.564,115.874,95.118,94.821,100.000,101.997,106.910,114.151,118.630,122.909,127.682
 "47189","Wilson, TN",5,CAGDP1,3,"...","Current-dollar GDP (thousands of current dollars)","Thousands of dollars",2087501,2338966,2662375,3010369,3052829,3187670,3574473,3930428,3895738,3188084,3211799,3479191,3620615,3862672,4250418,4493509,4715025,5007946
"Note: See the included footnote file."
"CAGDP1: Gross Domestic Product (GDP) summary by county and metropolitan area "
"Last updated: December 12, 2019 -- new statistics for 2001-2018. "
"Source: U.S. Department of Commerce / Bureau of Economic Analysis / Regional Economic Accounts"
