GeoFIPS,GeoName,Region,TableName,LineCode,IndustryClassification,Description,Unit,1969,1970,1971,1972,1973,1974,1975,1976,1977,1978,1979,1980,1981,1982,1983,1984,1985,1986,1987,1988,1989,1990,1991,1992,1993,1994,1995,1996,1997,1998,1999,2000,2001,2002,2003,2004,2005,2006,2007,2008,2009,2010,2011,2012,2013,2014,2015,2016,2017,2018
 "44000","Rhode Island",1,CAINC4,10,"...","Personal income (thousands of dollars)","Thousands of dollars",3741845,4092971,4336596,4721967,5044554,5288914,5742437,6272443,6864937,7531162,8363201,9390625,10463764,11271042,12185400,13381333,14413759,15452702,16547232,18239253,19852498,20438053,20636099,21597148,22514761,23090962,24324255,25172140,26633794,28410408,29751387,32048854,33733623,35133397,36973990,38907815,39747476,41711703,43394632,44051491,42952560,45261024,47066997,48810328,48772692,50863477,52864975,53425535,55337496,57993810
 "44000","Rhode Island",1,CAINC4,11,"..."," Nonfarm personal income 1/","Thousands of dollars",3733926,4083834,4328573,4714376,5038551,5280433,5733915,6263644,6857190,7522493,8356077,9383225,10455364,11244161,12148889,13349378,14372581,15409964,16507121,18198068,19820816,20408088,20605048,21568534,22485744,23066718,24300589,25149615,26619183,28396342,29737274,32033509,33716754,35112368,36952149,38884043,39724568,41690748,43372860,44027004,42927114,45236443,47046368,48786701,48749127,50845240,52837024,53405917,55302958,57959605
 "44000","Rhode Island",1,CAINC4,12,"..."," Farm income 2/","Thousands of dollars",7919,9137,8023,7591,6003,8481,8522,8799,7747,8669,7124,7400,8400,26881,36511,31955,41178,42738,40111,41185,31682,29965,31051,28614,29017,24244,23666,22525,14611,14066,14113,15345,16869,21029,21841,23772,22908,20955,21772,24487,25446,24581,20629,23627,23565,18237,27951,19618,34538,34205
 "44000","Rhode Island",1,CAINC4,20,"...","Population (persons) 3/","Number of persons",932000,950561,963974,976365,978010,953503,946339,950321,955128,957237,956643,948773,953012,954170,956382,961895,968956,977340,989605,996407,1000666,1005995,1010649,1012581,1015112,1015960,1017002,1020893,1025353,1031155,1040402,1050268,1057142,1065995,1071342,1074579,1067916,1063096,1057315,1055003,1053646,1053938,1053536,1054601,1055122,1056017,1056173,1057063,1056486,1057315
 "44000","Rhode Island",1,CAINC4,30,"...","Per capita personal income (dollars) 4/","Dollars",4015,4306,4499,4836,5158,5547,6068,6600,7187,7868,8742,9898,10980,11812,12741,13911,14876,15811,16721,18305,19839,20316,20419,21329,22180,22728,23918,24657,25975,27552,28596,30515,31910,32958,34512,36207,37220,39236,41042,41755,40766,42945,44675,46283,46225,48165,50053,50541,52379,54850
 "44000","Rhode Island",1,CAINC4,35,"...","Earnings by place of work","Thousands of dollars",2957038,3173667,3331486,3663811,3894613,3964775,4124310,4615049,5074089,5636785,6276019,6831269,7358972,7728397,8375682,9255667,10053903,10916583,11829095,13038796,13766018,14106505,13856842,14713014,15244098,15771752,16491633,16981462,17899302,19369472,20607633,22240977,23244151,24486338,25913995,27217979,28009041,29368890,29871416,29746729,28713361,30603690,31192617,32495196,33183036,34447326,35588910,35951026,36932187,38038266
 "44000","Rhode Island",1,CAINC4,36,"...","Less: Contributions for government social insurance 5/","Thousands of dollars",230531,245164,267123,306502,381353,410332,415953,473330,520794,596923,684915,745329,851196,902087,987978,1135693,1220213,1330144,1430190,1594655,1660990,1790032,1808852,1922707,2011315,2109308,2182319,2228895,2334174,2471616,2588920,2756210,2866388,2960762,3118624,3285519,3403204,3592067,3700016,3749837,3691755,3791410,3498413,3580931,4115653,4289783,4491893,4605969,4761479,4897962
 "44000","Rhode Island",1,CAINC4,37,"..."," Employee and self-employed contributions for government social insurance","Thousands of dollars",107559,113878,123065,136935,174046,189113,193077,211156,230823,260332,301489,333415,379757,410685,446733,500668,552740,612584,670468,756990,808305,881399,911507,971328,1011695,1063463,1105252,1133753,1192991,1272442,1344030,1434692,1510830,1576702,1660690,1756370,1808857,1915661,1995900,2031321,1983712,2019312,1678189,1698568,2179890,2273883,2383876,2467331,2576196,2689597
 "44000","Rhode Island",1,CAINC4,38,"..."," Employer contributions for government social insurance","Thousands of dollars",122972,131286,144058,169567,207307,221219,222876,262174,289971,336591,383426,411914,471439,491402,541245,635025,667473,717560,759722,837665,852685,908633,897345,951379,999620,1045845,1077067,1095142,1141183,1199174,1244890,1321518,1355558,1384060,1457934,1529149,1594347,1676406,1704116,1718516,1708043,1772098,1820224,1882363,1935763,2015900,2108017,2138638,2185283,2208365
 "44000","Rhode Island",1,CAINC4,42,"...","Plus: Adjustment for residence 6/","Thousands of dollars",62024,63308,58116,52756,68701,87579,81770,87639,102738,100934,108331,121624,153354,207212,262944,331439,391278,416803,484296,558658,624661,670708,696563,718047,760612,829630,859129,928622,994978,1073521,1175150,1335349,1428973,1413529,1373016,1597522,1436712,1449434,1529512,1311280,1238865,1023580,1280148,1422999,1413166,1153738,1407539,1573506,2034074,2600494
 "44000","Rhode Island",1,CAINC4,45,"...","Equals: Net earnings by place of residence","Thousands of dollars",2788531,2991811,3122479,3410065,3581961,3642022,3790127,4229358,4656033,5140796,5699435,6207564,6661130,7033522,7650648,8451413,9224968,10003242,10883201,12002799,12729689,12987181,12744553,13508354,13993395,14492074,15168443,15681189,16560106,17971377,19193863,20820116,21806736,22939105,24168387,25529982,26042549,27226257,27700912,27308172,26260471,27835860,28974352,30337264,30480549,31311281,32504556,32918563,34204782,35740798
 "44000","Rhode Island",1,CAINC4,46,"...","Plus: Dividends, interest, and rent 7/","Thousands of dollars",606108,678145,717456,766275,837919,913299,980381,1048549,1167395,1278012,1427832,1752230,2166497,2441607,2620384,2962995,3100454,3277024,3426913,3838235,4509580,4561112,4380505,4427882,4548409,4647944,4985862,5238064,5557360,5873477,5812050,6306516,6421977,6450066,6900836,7079617,7156104,7699408,8257409,8481761,7728655,7890919,8474771,8983379,8662770,9199318,9652430,9768973,10033027,10866420
 "44000","Rhode Island",1,CAINC4,47,"...","Plus: Personal current transfer receipts","Thousands of dollars",347206,423015,496661,545627,624674,733593,971929,994536,1041509,1112354,1235934,1430831,1636137,1795913,1914368,1966925,2088337,2172436,2237118,2398219,2613229,2889760,3511041,3660912,3972957,3950944,4169950,4252887,4516328,4565554,4745474,4922222,5504910,5744226,5904767,6298216,6548823,6786038,7436311,8261558,8963434,9534245,9617874,9489685,9629373,10352878,10707989,10737999,11099687,11386592
 "44000","Rhode Island",1,CAINC4,50,"...","Wages and salaries","Thousands of dollars",2382283,2553137,2665401,2924067,3108099,3176300,3260934,3618684,3930496,4360324,4832751,5256079,5673875,5936936,6347454,7021299,7547635,8191698,8940465,9761816,10271951,10577051,10317954,10812143,11222890,11566546,12175375,12577361,13375268,14274936,15051651,16137163,16763538,17443303,18452237,19217766,19811576,20801315,21408215,21669683,20912097,21481423,22013852,22662023,23449465,24578247,25613524,26115541,27044758,27771127
 "44000","Rhode Island",1,CAINC4,60,"...","Supplements to wages and salaries","Thousands of dollars",336689,376988,411846,470687,499815,494302,551105,632407,723273,828319,936399,1038098,1179751,1273222,1402220,1560960,1688810,1856284,1991683,2183695,2358578,2481314,2471394,2764085,2857772,2918848,2961193,3003267,3086859,3235862,3421547,3684294,3875163,4171718,4428720,4733389,4995155,5307716,5486061,5560286,5306387,5778230,5610888,5639224,5716334,5915363,6086706,6183402,6221420,6434823
 "44000","Rhode Island",1,CAINC4,61,"..."," Employer contributions for employee pension and insurance funds 8/","Thousands of dollars",213717,245702,267788,301120,292508,273083,328229,370233,433302,491728,552973,626184,708312,781820,860975,925935,1021337,1138724,1231961,1346030,1505893,1572681,1574049,1812706,1858152,1873003,1884126,1908125,1945676,2036688,2176657,2362776,2519605,2787658,2970786,3204240,3400808,3631310,3781945,3841770,3598344,4006132,3790664,3756861,3780571,3899463,3978689,4044764,4036137,4226458
 "44000","Rhode Island",1,CAINC4,62,"..."," Employer contributions for government social insurance","Thousands of dollars",122972,131286,144058,169567,207307,221219,222876,262174,289971,336591,383426,411914,471439,491402,541245,635025,667473,717560,759722,837665,852685,908633,897345,951379,999620,1045845,1077067,1095142,1141183,1199174,1244890,1321518,1355558,1384060,1457934,1529149,1594347,1676406,1704116,1718516,1708043,1772098,1820224,1882363,1935763,2015900,2108017,2138638,2185283,2208365
 "44000","Rhode Island",1,CAINC4,70,"...","Proprietors' income 9/","Thousands of dollars",238066,243542,254239,269057,286699,294173,312271,363958,420320,448142,506869,537092,505346,518239,626008,673408,817458,868601,896947,1093285,1135489,1048140,1067494,1136786,1163436,1286358,1355065,1400834,1437175,1858674,2134435,2419520,2605450,2871317,3033038,3266824,3202310,3259859,2977140,2516760,2494877,3344037,3567877,4193949,4017237,3953716,3888680,3652083,3666009,3832316
 "44000","Rhode Island",1,CAINC4,71,"..."," Farm proprietors' income","Thousands of dollars",4551,5939,4768,4257,2700,4974,4867,5029,3288,3737,1765,1833,2983,20490,29905,24923,33593,35199,32119,32543,22780,19989,21804,20057,19559,14855,13070,11373,2672,1944,2975,2325,3252,3932,6341,8656,10605,7209,5635,9446,10977,10910,8672,6160,5673,-739,12443,1819,20961,20589
 "44000","Rhode Island",1,CAINC4,72,"..."," Nonfarm proprietors' income","Thousands of dollars",233515,237603,249471,264800,283999,289199,307404,358929,417032,444405,505104,535259,502363,497749,596103,648485,783865,833402,864828,1060742,1112709,1028151,1045690,1116729,1143877,1271503,1341995,1389461,1434503,1856730,2131460,2417195,2602198,2867385,3026697,3258168,3191705,3252650,2971505,2507314,2483900,3333127,3559205,4187789,4011564,3954455,3876237,3650264,3645048,3811727
 "44000","Rhode Island",1,CAINC4,7010,"...","Total employment","Number of jobs",440080,440434,436230,447168,452029,439492,423718,442018,459260,474204,483338,484272,483652,474725,480235,503670,518775,536778,546024,559738,560370,550468,523917,529175,533447,532959,536250,539724,545955,554761,566528,582589,585235,588132,594108,602399,605736,611123,617985,608905,588284,586363,591692,592978,602429,613133,627000,632399,639244,648340
 "44000","Rhode Island",1,CAINC4,7020,"..."," Wage and salary employment","Number of jobs",399859,399205,395019,405056,407973,394370,377811,395926,411194,425218,432875,430213,429739,420112,424726,446803,458510,472686,483708,491251,492382,479474,453203,451101,455069,456098,463429,465041,471702,478729,487477,497676,498580,498821,502188,505747,505702,508017,508026,497535,475472,474027,475367,477449,483908,491546,499471,502460,506477,511340
 "44000","Rhode Island",1,CAINC4,7040,"..."," Proprietors employment","Number of jobs",40221,41229,41211,42112,44056,45122,45907,46092,48066,48986,50463,54059,53913,54613,55509,56867,60265,64092,62316,68487,67988,70994,70714,78074,78378,76861,72821,74683,74253,76032,79051,84913,86655,89311,91920,96652,100034,103106,109959,111370,112812,112336,116325,115529,118521,121587,127529,129939,132767,137000
 "44001","Bristol, RI",1,CAINC4,10,"...","Personal income (thousands of dollars)","Thousands of dollars",203937,215661,229064,244765,262957,277149,299661,331671,365794,399351,446704,501201,563866,613571,665123,742302,795794,849732,907528,1027689,1138026,1152312,1160600,1241825,1297103,1346875,1471163,1532827,1596350,1708743,1861470,2002066,2128483,2204012,2316770,2485360,2551784,2754800,2913620,2921066,2741599,2994653,3033250,3236968,3159208,3258323,3429753,3530577,3632925,3833782
 "44001","Bristol, RI",1,CAINC4,11,"..."," Nonfarm personal income 1/","Thousands of dollars",203364,215059,228499,244166,262453,276599,299054,331055,365251,398777,446311,500850,563510,612819,664222,741487,794754,848561,906506,1026531,1136772,1150977,1159008,1240270,1295613,1345766,1470134,1531980,1596025,1708462,1861140,2001636,2127971,2203416,2316149,2484717,2551074,2754364,2913391,2920705,2741029,2994064,3032567,3236225,3158287,3257623,3428318,3529535,3630317,3831152
 "44001","Bristol, RI",1,CAINC4,12,"..."," Farm income 2/","Thousands of dollars",573,602,565,599,504,550,607,616,543,574,393,351,356,752,901,815,1040,1171,1022,1158,1254,1335,1592,1555,1490,1109,1029,847,325,281,330,430,512,596,621,643,710,436,229,361,570,589,683,743,921,700,1435,1042,2608,2630
 "44001","Bristol, RI",1,CAINC4,20,"...","Population (persons) 3/","Number of persons",44870,45880,46264,46702,46849,46692,46707,47176,47761,47734,46845,46827,46258,46487,47279,47374,47630,48201,48456,49269,48866,48915,49130,49310,49604,49656,49750,49868,50028,50328,50466,50697,50942,51850,51658,52213,51667,50996,50914,50668,50075,49817,49227,49267,49249,49073,49115,48863,48800,48649
 "44001","Bristol, RI",1,CAINC4,30,"...","Per capita personal income (dollars) 4/","Dollars",4545,4701,4951,5241,5613,5936,6416,7031,7659,8366,9536,10703,12190,13199,14068,15669,16708,17629,18729,20859,23289,23557,23623,25184,26149,27124,29571,30738,31909,33952,36886,39491,41782,42507,44848,47600,49389,54020,57226,57651,54750,60113,61618,65703,64148,66397,69831,72255,74445,78805
 "44001","Bristol, RI",1,CAINC4,35,"...","Earnings by place of work","Thousands of dollars",92319,96462,99980,101256,111469,118332,123461,143990,158645,166527,186600,191707,209071,217167,238814,270461,282937,305045,324068,365550,386331,377535,364505,382701,394064,416921,449510,466851,472545,526498,570644,612211,679831,726084,776308,808167,828445,861404,891527,903323,869112,891415,900938,937860,951008,995149,1013904,1024836,1032936,1066554
 "44001","Bristol, RI",1,CAINC4,36,"...","Less: Contributions for government social insurance 5/","Thousands of dollars",7412,7708,8245,8715,11228,12492,12646,14840,16345,17752,20590,20617,24329,25449,28037,33418,34474,37553,39805,45479,47186,48506,48332,50863,53300,56688,60310,61852,63828,69100,72387,76931,81112,84330,91153,96697,101213,106399,111681,116029,112491,112380,102525,102639,117616,122962,127890,131790,133984,137597
 "44001","Bristol, RI",1,CAINC4,37,"..."," Employee and self-employed contributions for government social insurance","Thousands of dollars",3568,3719,3975,4089,5301,5915,6020,6735,7395,7924,9241,9657,11242,12152,13263,15304,16302,17947,19456,22429,24175,25077,25865,27481,28392,30472,32647,33718,34330,36986,39410,41660,45752,48237,51773,54890,56969,60777,64726,67912,65977,64992,54624,53943,67023,70553,73571,77210,79186,83156
 "44001","Bristol, RI",1,CAINC4,38,"..."," Employer contributions for government social insurance","Thousands of dollars",3844,3989,4270,4626,5927,6577,6626,8105,8950,9828,11349,10960,13087,13297,14774,18114,18172,19606,20349,23050,23011,23429,22467,23382,24908,26216,27663,28134,29498,32114,32977,35271,35360,36093,39380,41807,44244,45622,46955,48117,46514,47388,47901,48696,50593,52409,54319,54580,54798,54441
 "44001","Bristol, RI",1,CAINC4,42,"...","Plus: Adjustment for residence 6/","Thousands of dollars",65942,67102,71361,81036,83923,83337,86281,95305,106748,125880,142037,166000,176704,193035,213268,234736,260121,284340,314767,343506,366308,381254,389851,433915,455012,452116,497207,509449,547453,554794,651936,681806,714186,738165,754197,793370,796246,839876,885600,871109,878837,917614,1004340,1062510,1055561,1085937,1167804,1260482,1361049,1425579
 "44001","Bristol, RI",1,CAINC4,45,"...","Equals: Net earnings by place of residence","Thousands of dollars",150849,155856,163096,173577,184164,189177,197096,224455,249048,274655,308047,337090,361446,384753,424045,471779,508584,551832,599030,663577,705453,710283,706024,765753,795776,812349,886407,914448,956170,1012192,1150193,1217086,1312905,1379919,1439352,1504840,1523478,1594881,1665446,1658403,1635458,1696649,1802753,1897731,1888953,1958124,2053818,2153528,2260001,2354536
 "44001","Bristol, RI",1,CAINC4,46,"...","Plus: Dividends, interest, and rent 7/","Thousands of dollars",40040,44062,46608,49814,54589,59094,60823,65591,72953,78667,89115,107029,136776,155217,162121,188989,201662,209672,218925,269169,327608,325628,319425,331329,351493,372795,416008,441919,454634,509516,519251,581434,592642,592078,642069,732392,766493,879408,949365,924512,739685,914370,846934,956158,880507,891889,952995,947564,931756,1020339
 "44001","Bristol, RI",1,CAINC4,47,"...","Plus: Personal current transfer receipts","Thousands of dollars",13048,15743,19360,21374,24204,28878,41742,41625,43793,46029,49542,57082,65644,73601,78957,81534,85548,88228,89573,94943,104965,116401,135151,144743,149834,161731,168748,176460,185546,187035,192026,203546,222936,232015,235349,248128,261813,280511,298809,338151,366456,383634,383563,383079,389748,408310,422940,429485,441168,458907
 "44001","Bristol, RI",1,CAINC4,50,"...","Wages and salaries","Thousands of dollars",68400,72024,73849,74337,82306,87975,89535,103583,112021,117062,131453,132863,149351,154786,165542,190396,196045,214095,229198,257535,266954,265290,251304,260898,269210,281496,301513,313077,333726,364985,379228,405837,421195,442438,483909,506598,526150,541608,569148,581772,547782,546573,549245,558619,585590,617115,639505,644215,653350,671960
 "44001","Bristol, RI",1,CAINC4,60,"...","Supplements to wages and salaries","Thousands of dollars",8873,9767,10301,10680,12257,13581,15368,18253,21104,22653,26019,26807,31798,34222,37893,43435,45183,50218,53979,59507,63358,64184,61587,68653,71170,73686,77021,77558,78978,85837,91352,98619,100157,108196,119449,129577,137250,142680,150499,155671,145595,155368,146981,147015,149997,158439,160629,163553,158519,163564
 "44001","Bristol, RI",1,CAINC4,61,"..."," Employer contributions for employee pension and insurance funds 8/","Thousands of dollars",5029,5778,6031,6054,6330,7004,8742,10148,12154,12825,14670,15847,18711,20925,23119,25321,27011,30612,33630,36457,40347,40755,39120,45271,46262,47470,49358,49424,49480,53723,58375,63348,64797,72103,80069,87770,93006,97058,103544,107554,99081,107980,99080,98319,99404,106030,106310,108973,103721,109123
 "44001","Bristol, RI",1,CAINC4,62,"..."," Employer contributions for government social insurance","Thousands of dollars",3844,3989,4270,4626,5927,6577,6626,8105,8950,9828,11349,10960,13087,13297,14774,18114,18172,19606,20349,23050,23011,23429,22467,23382,24908,26216,27663,28134,29498,32114,32977,35271,35360,36093,39380,41807,44244,45622,46955,48117,46514,47388,47901,48696,50593,52409,54319,54580,54798,54441
 "44001","Bristol, RI",1,CAINC4,70,"...","Proprietors' income 9/","Thousands of dollars",15046,14671,15830,16239,16906,16776,18558,22154,25520,26812,29128,32037,27922,28159,35379,36630,41709,40732,40891,48508,56019,48061,51614,53150,53684,61739,70976,76216,59841,75676,100064,107755,158479,175450,172950,171992,165045,177116,171880,165880,175735,189474,204712,232226,215421,219595,213770,217068,221067,231030
 "44001","Bristol, RI",1,CAINC4,71,"..."," Farm proprietors' income","Thousands of dollars",422,452,407,431,341,368,429,446,353,372,181,118,130,516,663,568,820,955,819,950,954,986,1275,1207,1268,870,790,511,-2,-10,86,99,173,189,206,254,469,217,-89,109,310,485,616,603,817,654,1407,1031,2597,2602
 "44001","Bristol, RI",1,CAINC4,72,"..."," Nonfarm proprietors' income","Thousands of dollars",14624,14219,15423,15808,16565,16408,18129,21708,25167,26440,28947,31919,27792,27643,34716,36062,40889,39777,40072,47558,55065,47075,50339,51943,52416,60869,70186,75705,59843,75686,99978,107656,158306,175261,172744,171738,164576,176899,171969,165771,175425,188989,204096,231623,214604,218941,212363,216037,218470,228428
 "44001","Bristol, RI",1,CAINC4,7010,"...","Total employment","Number of jobs",14381,14233,13923,13842,14436,14712,14341,15225,15949,15810,16555,15443,15968,15633,15866,16910,17050,17740,17892,18586,18309,17786,17229,17746,17642,17674,18109,18315,18385,18519,19164,20132,20426,20783,21705,22296,22458,22628,23337,23225,22420,22042,21930,21862,22397,22761,23101,23276,23315,23444
 "44001","Bristol, RI",1,CAINC4,7020,"..."," Wage and salary employment","Number of jobs",12166,12001,11622,11420,11950,12170,11744,12636,13125,12837,13544,12248,12815,12629,12853,13816,13755,14220,14486,14809,14574,13808,13184,13197,12961,13031,13441,13632,13707,13934,14268,14872,15104,15341,16066,16343,16350,16366,16577,16442,15483,15141,14915,14795,15211,15328,15233,15331,15314,15246
 "44001","Bristol, RI",1,CAINC4,7040,"..."," Proprietors employment","Number of jobs",2215,2232,2301,2422,2486,2542,2597,2589,2824,2973,3011,3195,3153,3004,3013,3094,3295,3520,3406,3777,3735,3978,4045,4549,4681,4643,4668,4683,4678,4585,4896,5260,5322,5442,5639,5953,6108,6262,6760,6783,6937,6901,7015,7067,7186,7433,7868,7945,8001,8198
 "44003","Kent, RI",1,CAINC4,10,"...","Personal income (thousands of dollars)","Thousands of dollars",566542,609950,650015,717213,785179,844190,936525,1030148,1132012,1245347,1407648,1613135,1786980,1908675,2056201,2247508,2386997,2569651,2774009,3048164,3296703,3403163,3453607,3619528,3788045,3893493,4100775,4270663,4502561,4747467,5014723,5345918,5667278,5947638,6286100,6592764,6713994,7031324,7287331,7448043,7317876,7506894,7895683,8128892,8190244,8530671,8869809,8917773,9310038,9776691
 "44003","Kent, RI",1,CAINC4,11,"..."," Nonfarm personal income 1/","Thousands of dollars",566014,609344,649542,716765,784826,843753,935962,1029712,1131681,1245252,1407290,1612654,1786171,1907071,2054699,2246141,2385313,2568038,2773012,3047228,3295947,3402417,3452610,3618319,3786634,3892426,4099753,4269604,4501843,4746924,5014395,5345406,5666867,5947184,6285689,6592018,6713681,7031288,7287358,7448413,7317750,7506633,7895621,8128846,8190009,8531137,8869440,8918076,9309321,9776061
 "44003","Kent, RI",1,CAINC4,12,"..."," Farm income 2/","Thousands of dollars",528,606,473,448,353,437,563,436,331,95,358,481,809,1604,1502,1367,1684,1613,997,936,756,746,997,1209,1411,1067,1022,1059,718,543,328,512,411,454,411,746,313,36,-27,-370,126,261,62,46,235,-466,369,-303,717,630
 "44003","Kent, RI",1,CAINC4,20,"...","Population (persons) 3/","Number of persons",138921,142590,144814,147335,149030,149482,149975,151903,154484,154250,154280,154219,154084,153908,153901,154905,156019,157306,159908,160284,160283,161463,162230,163076,163967,164223,164106,164373,164505,164932,166044,167516,168516,169478,170641,170539,169815,168522,167515,167269,166766,166031,165261,164629,164367,164503,163750,163651,163541,163861
 "44003","Kent, RI",1,CAINC4,30,"...","Per capita personal income (dollars) 4/","Dollars",4078,4278,4489,4868,5269,5647,6245,6782,7328,8074,9124,10460,11597,12401,13361,14509,15299,16335,17348,19017,20568,21077,21288,22195,23102,23709,24989,25982,27370,28784,30201,31913,33631,35094,36838,38658,39537,41723,43503,44527,43881,45214,47777,49377,49829,51857,54167,54493,56928,59665
 "44003","Kent, RI",1,CAINC4,35,"...","Earnings by place of work","Thousands of dollars",267951,293646,310356,350072,395295,435386,464741,541291,617580,712549,822193,898600,976888,1008572,1089941,1197653,1281873,1418414,1568934,1757399,1883277,1918904,1901918,2073369,2174517,2284124,2375901,2491316,2645949,2846968,3083660,3324240,3570366,3844009,4141526,4360359,4432449,4603075,4680323,4593406,4415297,4591631,4677176,4808748,4889755,4973145,5112567,5218780,5396278,5600345
 "44003","Kent, RI",1,CAINC4,36,"...","Less: Contributions for government social insurance 5/","Thousands of dollars",21769,23543,25843,30636,40134,46040,47616,56177,64144,76867,91263,99476,115077,120968,132322,151259,160786,178325,195284,221630,233040,250083,254682,278039,295635,314066,323159,334320,353824,370165,391187,421185,448230,472943,510465,542747,554085,582237,598776,595082,581747,588458,543778,551255,629829,644773,669480,692704,717675,742798
 "44003","Kent, RI",1,CAINC4,37,"..."," Employee and self-employed contributions for government social insurance","Thousands of dollars",10317,11223,12272,14001,18509,21385,22245,25135,28510,33606,40041,44532,51284,54875,59547,66291,72285,81611,91041,104499,113321,122983,128480,140174,147718,157541,163494,170472,180682,192385,206633,220906,236625,252133,271627,288104,292325,306640,319875,319182,310656,311007,259144,260696,332091,340179,354744,370473,389445,410476
 "44003","Kent, RI",1,CAINC4,38,"..."," Employer contributions for government social insurance","Thousands of dollars",11452,12320,13571,16635,21625,24655,25371,31042,35634,43261,51222,54944,63793,66093,72775,84968,88501,96714,104243,117131,119719,127100,126202,137865,147917,156525,159665,163848,173142,177780,184554,200279,211605,220810,238838,254643,261760,275597,278901,275900,271091,277451,284634,290559,297738,304594,314736,322231,328230,332322
 "44003","Kent, RI",1,CAINC4,42,"...","Plus: Adjustment for residence 6/","Thousands of dollars",196587,197163,204287,220647,226802,221736,226017,242147,250293,254723,278731,328340,341767,366365,396075,431138,465069,478525,508399,537092,558984,590287,597523,594030,611501,612812,645198,650381,669295,705668,734053,755147,795326,776980,747227,839452,844715,878881,909773,986383,973535,953058,1063082,1151946,1219904,1245130,1366857,1334915,1415738,1514495
 "44003","Kent, RI",1,CAINC4,45,"...","Equals: Net earnings by place of residence","Thousands of dollars",442769,467266,488800,540083,581963,611082,643142,727261,803729,890405,1009661,1127464,1203578,1253969,1353694,1477532,1586156,1718614,1882049,2072861,2209221,2259108,2244759,2389360,2490383,2582870,2697940,2807377,2961420,3182471,3426526,3658202,3917462,4148046,4378288,4657064,4723079,4899719,4991320,4984707,4807085,4956231,5196480,5409439,5479830,5573502,5809944,5860991,6094341,6372042
 "44003","Kent, RI",1,CAINC4,46,"...","Plus: Dividends, interest, and rent 7/","Thousands of dollars",82898,92109,99612,107735,119951,133316,150043,161429,179460,196080,220069,276122,345648,388030,421733,479812,494359,525350,551447,607539,686136,693367,661731,646994,676036,697903,759180,798818,845033,863957,862418,934428,931217,942751,1015291,998539,1009907,1090171,1176377,1208260,1142141,1081020,1218511,1226333,1204628,1350768,1402051,1382833,1486569,1610755
 "44003","Kent, RI",1,CAINC4,47,"...","Plus: Personal current transfer receipts","Thousands of dollars",40875,50575,61603,69395,83265,99792,143340,141458,148823,158862,177918,209549,237754,266676,280774,290164,306482,325687,340513,367764,401346,450688,547117,583174,621626,612720,643655,664468,696108,701039,725779,753288,818599,856841,892521,937161,981008,1041434,1119634,1255076,1368650,1469643,1480692,1493120,1505786,1606401,1657814,1673949,1729128,1793894
 "44003","Kent, RI",1,CAINC4,50,"...","Wages and salaries","Thousands of dollars",208891,230529,242502,274632,310088,342727,359811,416191,471472,544541,626706,683209,746670,767317,821635,905040,964228,1072092,1188927,1327149,1410574,1450033,1425184,1536013,1615265,1697579,1776678,1860637,2017327,2133921,2266647,2483791,2594208,2771603,3014182,3166016,3192742,3315354,3433288,3390185,3230353,3268251,3356437,3413767,3511648,3599850,3720275,3805840,3954820,4099909
 "44003","Kent, RI",1,CAINC4,60,"...","Supplements to wages and salaries","Thousands of dollars",25978,29662,32647,39047,45991,51843,59805,72264,86062,102681,121588,134336,153908,162792,179610,199871,214516,241447,265279,295553,321355,339530,340877,396242,415580,433813,434543,447213,459159,472729,499383,551202,592750,653039,709656,764522,804194,852427,877949,872750,816297,871640,841507,835583,843564,856633,871618,886786,896251,931678
 "44003","Kent, RI",1,CAINC4,61,"..."," Employer contributions for employee pension and insurance funds 8/","Thousands of dollars",14526,17342,19076,22412,24366,27188,34434,41222,50428,59420,70366,79392,90115,96699,106835,114903,126015,144733,161036,178422,201636,212430,214675,258377,267663,277288,274878,283365,286017,294949,314829,350923,381145,432229,470818,509879,542434,576830,599048,596850,545206,594189,556873,545024,545826,552039,556882,564555,568021,599356
 "44003","Kent, RI",1,CAINC4,62,"..."," Employer contributions for government social insurance","Thousands of dollars",11452,12320,13571,16635,21625,24655,25371,31042,35634,43261,51222,54944,63793,66093,72775,84968,88501,96714,104243,117131,119719,127100,126202,137865,147917,156525,159665,163848,173142,177780,184554,200279,211605,220810,238838,254643,261760,275597,278901,275900,271091,277451,284634,290559,297738,304594,314736,322231,328230,332322
 "44003","Kent, RI",1,CAINC4,70,"...","Proprietors' income 9/","Thousands of dollars",33082,33455,35207,36393,39216,40816,45125,52836,60046,65327,73899,81055,76310,78463,88696,92742,103129,104875,114728,134697,151348,129341,135857,141114,143672,152732,164680,183466,169463,240318,317630,289247,383408,419367,417688,429821,435513,435294,369086,330471,368647,451740,479232,559398,534543,516662,520674,526154,545207,568758
 "44003","Kent, RI",1,CAINC4,71,"..."," Farm proprietors' income","Thousands of dollars",410,488,349,316,205,278,423,312,208,-21,126,219,517,1264,1181,1063,1372,1379,700,662,596,555,781,1005,1137,817,746,732,346,89,-4,-4,-97,-113,-129,9,-44,-395,-583,-906,-504,-387,-478,-691,-456,-1115,-162,-1053,-14,-73
 "44003","Kent, RI",1,CAINC4,72,"..."," Nonfarm proprietors' income","Thousands of dollars",32672,32967,34858,36077,39011,40538,44702,52524,59838,65348,73773,80836,75793,77199,87515,91679,101757,103496,114028,134035,150752,128786,135076,140109,142535,151915,163934,182734,169117,240229,317634,289251,383505,419480,417817,429812,435557,435689,369669,331377,369151,452127,479710,560089,534999,517777,520836,527207,545221,568831
 "44003","Kent, RI",1,CAINC4,7010,"...","Total employment","Number of jobs",42274,44287,45187,47622,50853,52687,51695,55775,59469,63579,66729,67838,68405,66676,67783,71216,73124,77045,79744,82630,84075,83161,79485,82463,83437,84932,85352,87080,88563,89030,91814,94938,95683,96741,99467,102004,102277,103209,104063,101325,96391,94459,95532,95117,96856,97633,98851,99690,100643,102251
 "44003","Kent, RI",1,CAINC4,7020,"..."," Wage and salary employment","Number of jobs",36341,38106,38835,41021,43996,45612,44459,48398,51604,55438,58348,58822,59428,57475,58368,61649,63067,66443,69645,71655,73084,71646,68107,69639,70796,72081,73577,74859,76508,76902,78794,80932,81759,82386,84915,86397,86251,86764,86388,83531,78421,76516,77158,76813,78254,78766,79243,79710,80314,81301
 "44003","Kent, RI",1,CAINC4,7040,"..."," Proprietors employment","Number of jobs",5933,6181,6352,6601,6857,7075,7236,7377,7865,8141,8381,9016,8977,9201,9415,9567,10057,10602,10099,10975,10991,11515,11378,12824,12641,12851,11775,12221,12055,12128,13020,14006,13924,14355,14552,15607,16026,16445,17675,17794,17970,17943,18374,18304,18602,18867,19608,19980,20329,20950
 "44005","Newport, RI",1,CAINC4,10,"...","Personal income (thousands of dollars)","Thousands of dollars",416524,479004,505180,545234,535659,482963,504086,554621,618699,686855,776615,895931,1046886,1153788,1231863,1371415,1505443,1623004,1716393,1858405,1969063,1952391,1969577,2067128,2155611,2204270,2354236,2442931,2578657,2782417,2970434,3200865,3270774,3374152,3568192,3803833,3851353,4108619,4107554,4141759,3987818,4072699,4422105,4718664,4733822,4903031,5039185,5146833,5402144,5668939
 "44005","Newport, RI",1,CAINC4,11,"..."," Nonfarm personal income 1/","Thousands of dollars",414181,476357,502692,543018,534026,480597,501589,551934,616245,683702,774747,894182,1044649,1144242,1217191,1359967,1490270,1607091,1700119,1840625,1955712,1939713,1956814,2057800,2146196,2196488,2345990,2435784,2573815,2777753,2965607,3195715,3265279,3367281,3560827,3796183,3844449,4101708,4100111,4133949,3980644,4066449,4417708,4714089,4729812,4900332,5035646,5144523,5398193,5665579
 "44005","Newport, RI",1,CAINC4,12,"..."," Farm income 2/","Thousands of dollars",2343,2647,2488,2216,1633,2366,2497,2687,2454,3153,1868,1749,2237,9546,14672,11448,15173,15913,16274,17780,13351,12678,12763,9328,9415,7782,8246,7147,4842,4664,4827,5150,5495,6871,7365,7650,6904,6911,7443,7810,7174,6250,4397,4575,4010,2699,3539,2310,3951,3360
 "44005","Newport, RI",1,CAINC4,20,"...","Population (persons) 3/","Number of persons",92091,94619,96934,97676,98693,80408,79561,82139,82911,82362,82132,81653,82543,83293,83445,84303,85347,86239,87056,87577,86278,87527,88330,87141,86007,84756,83717,84226,84649,84438,84840,85734,85754,85953,85646,85509,83962,85130,82881,82505,82896,83175,83199,83202,83452,83350,83268,83197,83018,82542
 "44005","Newport, RI",1,CAINC4,30,"...","Per capita personal income (dollars) 4/","Dollars",4523,5062,5212,5582,5428,6006,6336,6752,7462,8339,9456,10972,12683,13852,14763,16268,17639,18820,19716,21220,22822,22306,22298,23722,25063,26007,28121,29004,30463,32952,35012,37335,38141,39256,41662,44485,45870,48263,49560,50200,48106,48965,53151,56713,56725,58825,60518,61863,65072,68679
 "44005","Newport, RI",1,CAINC4,35,"...","Earnings by place of work","Thousands of dollars",350465,388441,413808,444334,410604,341275,343629,375702,416624,464584,528276,600854,700443,790813,875909,961728,1073946,1173301,1253378,1335651,1387349,1401734,1351649,1367241,1354486,1330613,1475084,1536319,1650675,1723940,1923536,2150590,2197106,2354225,2514044,2642805,2744310,2851495,2886730,2892998,2862232,2980649,3050157,3197329,3246556,3293154,3330147,3391326,3552600,3674388
 "44005","Newport, RI",1,CAINC4,36,"...","Less: Contributions for government social insurance 5/","Thousands of dollars",20923,24177,26214,28083,29668,26723,27684,30931,35108,40106,47969,54918,67470,76514,88793,103236,115491,128250,138243,150056,155635,166606,164327,169313,169627,169466,182472,190167,205738,211837,232893,256198,261118,275414,290383,305966,318118,337782,349231,357758,358592,368376,338458,347349,393377,402939,414938,425580,447595,460519
 "44005","Newport, RI",1,CAINC4,37,"..."," Employee and self-employed contributions for government social insurance","Thousands of dollars",9613,10483,10846,11357,13157,12240,12329,13365,15268,17447,20875,24403,29795,34379,39517,44957,51425,57827,63165,69554,73610,79177,79872,81906,82904,83648,90218,94067,101483,105370,117085,129467,134537,142766,150799,159803,166319,175315,182049,185996,183699,185931,153535,156874,200714,206468,212842,222917,235427,247022
 "44005","Newport, RI",1,CAINC4,38,"..."," Employer contributions for government social insurance","Thousands of dollars",11310,13694,15368,16726,16511,14483,15355,17566,19840,22659,27094,30515,37675,42135,49276,58279,64066,70423,75078,80502,82025,87429,84455,87407,86723,85818,92254,96100,104255,106467,115808,126731,126581,132648,139584,146163,151799,162467,167182,171762,174893,182445,184923,190475,192663,196471,202096,202663,212168,213497
 "44005","Newport, RI",1,CAINC4,42,"...","Plus: Adjustment for residence 6/","Thousands of dollars",-27914,-29495,-34380,-35441,-17372,-1888,2365,8353,13099,15955,21745,25379,23395,10737,2742,21044,22309,19626,25563,32318,38723,-3035,36204,101174,157445,207109,155298,151571,113461,188838,181803,131161,134627,103757,81994,82599,22869,72799,-30200,-115377,-159612,-185078,-95048,-55219,-55953,-26273,-1463,-11115,-33664,-29478
 "44005","Newport, RI",1,CAINC4,45,"...","Equals: Net earnings by place of residence","Thousands of dollars",301628,334769,353214,380810,363564,312664,318310,353124,394615,440433,502052,571315,656368,725036,789858,879536,980764,1064677,1140698,1217913,1270437,1232093,1223526,1299102,1342304,1368256,1447910,1497723,1558398,1700941,1872446,2025553,2070615,2182568,2305655,2419438,2449061,2586512,2507299,2419863,2344028,2427195,2616651,2794761,2797226,2863942,2913746,2954631,3071341,3184391
 "44005","Newport, RI",1,CAINC4,46,"...","Plus: Dividends, interest, and rent 7/","Thousands of dollars",93703,119127,121655,129116,130535,120051,120655,132050,149709,166293,187299,224734,276508,307705,315354,357334,382309,413226,427473,481867,524372,527702,516573,525616,552580,571448,627992,655324,713348,768411,770602,833553,817880,786790,847371,945319,942116,1037533,1070234,1122879,999015,956121,1105819,1229170,1215604,1273186,1330800,1379037,1485433,1610567
 "44005","Newport, RI",1,CAINC4,47,"...","Plus: Personal current transfer receipts","Thousands of dollars",21193,25108,30311,35308,41560,50248,65121,69447,74375,80129,87264,99882,114010,121047,126651,134545,142370,145101,148222,158625,174254,192596,229478,242410,260727,264566,278334,289884,306911,313065,327386,341759,382279,404794,415166,439076,460176,484574,530021,599017,644775,689383,699635,694733,720992,765903,794639,813165,845370,873981
 "44005","Newport, RI",1,CAINC4,50,"...","Wages and salaries","Thousands of dollars",263964,290585,305892,328049,303098,252785,253723,274295,303790,339761,387313,442061,519686,586308,639017,707726,781397,858690,922600,977240,1014423,1038743,989080,998174,996577,972360,1082666,1133605,1229008,1264289,1386904,1523793,1574510,1667224,1744912,1791294,1858082,1953251,2032292,2084664,2066370,2104937,2107336,2133623,2164983,2225562,2277061,2331172,2466240,2546551
 "44005","Newport, RI",1,CAINC4,60,"...","Supplements to wages and salaries","Thousands of dollars",63793,75444,84043,90249,80593,61401,61864,66798,73913,82613,95377,109607,133995,151964,166378,184724,205347,225693,234483,247334,261573,266969,259488,269792,259427,253315,275669,283556,298342,306654,335183,369387,373305,412345,447842,472049,495336,527598,548115,566038,566975,605980,595674,605433,603446,612026,628343,637328,664018,687961
 "44005","Newport, RI",1,CAINC4,61,"..."," Employer contributions for employee pension and insurance funds 8/","Thousands of dollars",52483,61750,68675,73523,64082,46918,46509,49232,54073,59954,68283,79092,96320,109829,117102,126445,141281,155270,159405,166832,179548,179540,175033,182385,172704,167497,183415,187456,194087,200187,219375,242656,246724,279697,308258,325886,343537,365131,380933,394276,392082,423535,410751,414958,410783,415555,426247,434665,451850,474464
 "44005","Newport, RI",1,CAINC4,62,"..."," Employer contributions for government social insurance","Thousands of dollars",11310,13694,15368,16726,16511,14483,15355,17566,19840,22659,27094,30515,37675,42135,49276,58279,64066,70423,75078,80502,82025,87429,84455,87407,86723,85818,92254,96100,104255,106467,115808,126731,126581,132648,139584,146163,151799,162467,167182,171762,174893,182445,184923,190475,192663,196471,202096,202663,212168,213497
 "44005","Newport, RI",1,CAINC4,70,"...","Proprietors' income 9/","Thousands of dollars",22708,22412,23873,26036,26913,27089,28042,34609,38921,42210,45586,49186,46762,52541,70514,69278,87202,88918,96295,111077,111353,96022,103081,99275,98482,104938,116749,119158,123325,152997,201449,257410,249291,274656,321290,379462,390892,370646,306323,242296,228887,269732,347147,458273,478127,455566,424743,422826,422342,439876
 "44005","Newport, RI",1,CAINC4,71,"..."," Farm proprietors' income","Thousands of dollars",1098,1438,1225,894,347,967,1026,1159,624,1129,115,-206,334,7257,12304,8763,12177,13122,13226,14798,9845,8465,9226,5891,5791,4307,4388,3379,939,1000,1204,1057,1036,833,1844,2522,3166,2851,2462,3206,2643,2121,889,-661,-894,-2364,-526,-2132,505,-70
 "44005","Newport, RI",1,CAINC4,72,"..."," Nonfarm proprietors' income","Thousands of dollars",21610,20974,22648,25142,26566,26122,27016,33450,38297,41081,45471,49392,46428,45284,58210,60515,75025,75796,83069,96279,101508,87557,93855,93384,92691,100631,112361,115779,122386,151997,200245,256353,248255,273823,319446,376940,387726,367795,303861,239090,226244,267611,346258,458934,479021,457930,425269,424958,421837,439946
 "44005","Newport, RI",1,CAINC4,7010,"...","Total employment","Number of jobs",49532,50025,47987,45860,41259,33888,32070,33316,35365,36362,37631,39690,41741,43504,44845,47430,49529,52297,53151,54278,54266,53112,49457,48251,46641,44054,45740,46942,47647,47503,50055,52262,54249,54231,54831,55292,55460,55747,56535,56598,55296,55220,55222,55110,55584,55642,56612,57070,58610,59726
 "44005","Newport, RI",1,CAINC4,7020,"..."," Wage and salary employment","Number of jobs",45793,46275,44145,41897,37169,29619,27614,28808,30475,31221,32398,34128,35817,37142,38490,41004,42815,45199,46220,46705,46809,45447,41638,39946,38846,37085,38395,39557,40269,40106,42061,43675,44200,44043,44280,44277,44345,44462,44761,44663,43417,43407,43126,42990,43273,43026,43535,43637,44851,45581
 "44005","Newport, RI",1,CAINC4,7040,"..."," Proprietors employment","Number of jobs",3739,3750,3842,3963,4090,4269,4456,4508,4890,5141,5233,5562,5924,6362,6355,6426,6714,7098,6931,7573,7457,7665,7819,8305,7795,6969,7345,7385,7378,7397,7994,8587,10049,10188,10551,11015,11115,11285,11774,11935,11879,11813,12096,12120,12311,12616,13077,13433,13759,14145
 "44007","Providence, RI",1,CAINC4,10,"...","Personal income (thousands of dollars)","Thousands of dollars",2243321,2450215,2592947,2814894,3033136,3247120,3511031,3791030,4100500,4473969,4900449,5416949,5985977,6410826,6925713,7590926,8132345,8677689,9307701,10225377,11200747,11566726,11631159,12093089,12545728,12762090,13328671,13691820,14530766,15481876,15943392,17234115,17979376,18734628,19703318,20579981,21061312,22048280,23103567,23491526,22932626,24416795,25092981,25809697,25827687,27043289,28186772,28316517,29303129,30619055
 "44007","Providence, RI",1,CAINC4,11,"..."," Nonfarm personal income 1/","Thousands of dollars",2240722,2447437,2590808,2812690,3031227,3244727,3508878,3788999,4098877,4472220,4897972,5413894,5983231,6406157,6920197,7585067,8126109,8671127,9302252,10220474,11197043,11563316,11627875,12087736,12541016,12757685,13325426,13687594,14527863,15479233,15940434,17231325,17976710,18731326,19699834,20575719,21056481,22045462,23098801,23486040,22927862,24410099,25086470,25800143,25819151,27037137,28175453,28310956,29293823,30608524
 "44007","Providence, RI",1,CAINC4,12,"..."," Farm income 2/","Thousands of dollars",2599,2778,2139,2204,1909,2393,2153,2031,1623,1749,2477,3055,2746,4669,5516,5859,6236,6562,5449,4903,3704,3410,3284,5353,4712,4405,3245,4226,2903,2643,2958,2790,2666,3302,3484,4262,4831,2818,4766,5486,4764,6696,6511,9554,8536,6152,11319,5561,9306,10531
 "44007","Providence, RI",1,CAINC4,20,"...","Population (persons) 3/","Number of persons",573222,581601,588615,594065,589752,590626,586255,582894,581645,581742,580551,572480,575645,575016,576380,577638,580396,583355,589309,591621,596769,597701,599545,600603,602178,602728,603282,605077,607458,611251,616607,622378,626935,632252,636149,638358,635060,631691,629110,627889,626304,627814,629324,631212,631621,632737,633856,635230,634758,636084
 "44007","Providence, RI",1,CAINC4,30,"...","Per capita personal income (dollars) 4/","Dollars",3914,4213,4405,4738,5143,5498,5989,6504,7050,7691,8441,9462,10399,11149,12016,13141,14012,14875,15794,17284,18769,19352,19400,20135,20834,21174,22094,22628,23921,25328,25857,27691,28678,29632,30973,32239,33164,34904,36724,37414,36616,38892,39873,40889,40891,42740,44469,44577,46164,48137
 "44007","Providence, RI",1,CAINC4,35,"...","Earnings by place of work","Thousands of dollars",1973763,2106586,2213574,2442593,2656842,2809994,2912829,3213122,3471805,3848061,4232551,4550097,4847198,5054116,5425415,6012889,6475584,7001565,7621164,8380963,8864659,9106463,8928732,9505730,9884393,10255619,10662611,10949347,11529713,12476028,13053910,14024438,14337186,14925650,15707631,16465763,16918951,17869538,18137038,18166899,17368008,18649893,19017780,19831548,20328204,21303094,22131280,22301980,22833212,23256793
 "44007","Providence, RI",1,CAINC4,36,"...","Less: Contributions for government social insurance 5/","Thousands of dollars",163346,171281,187012,216580,274151,300832,301822,338697,364289,417054,472103,508784,573977,604754,655354,751734,803329,870733,934343,1038339,1081065,1165740,1176517,1249745,1309853,1375811,1419382,1445887,1505579,1595050,1652733,1745077,1799006,1840182,1920591,2011132,2080286,2201043,2258488,2295824,2252826,2319832,2145355,2198449,2538012,2662957,2799377,2862007,2949580,3009053
 "44007","Providence, RI",1,CAINC4,37,"..."," Employee and self-employed contributions for government social insurance","Thousands of dollars",76006,79974,87094,97588,124752,137563,139480,150504,161299,181009,207099,226230,255157,274497,295367,330850,362285,399012,437449,491442,524657,573583,591884,630832,658332,692213,717115,732700,769062,819890,853462,906675,940463,971585,1015193,1069560,1098872,1169132,1213404,1241478,1205374,1233848,1023346,1035410,1338311,1404332,1476996,1520151,1585219,1635655
 "44007","Providence, RI",1,CAINC4,38,"..."," Employer contributions for government social insurance","Thousands of dollars",87340,91307,99918,118992,149399,163269,162342,188193,202990,236045,265004,282554,318820,330257,359987,420884,441044,471721,496894,546897,556408,592157,584633,618913,651521,683598,702267,713187,736517,775160,799271,838402,858543,868597,905398,941572,981414,1031911,1045084,1054346,1047452,1085984,1122009,1163039,1199701,1258625,1322381,1341856,1364361,1373398
 "44007","Providence, RI",1,CAINC4,42,"...","Plus: Adjustment for residence 6/","Thousands of dollars",-149068,-146661,-164127,-193000,-229135,-275308,-300791,-333497,-346541,-396487,-456102,-525204,-540044,-543702,-543487,-566713,-591859,-627899,-664950,-693024,-719386,-714887,-760810,-908509,-1017998,-1074904,-1141441,-1181425,-1189572,-1257892,-1352367,-1256591,-1281651,-1297460,-1336902,-1272806,-1342074,-1493985,-1348045,-1537682,-1500754,-1706240,-1811767,-1904536,-1938883,-2259436,-2217786,-2204129,-1948456,-1470887
 "44007","Providence, RI",1,CAINC4,45,"...","Equals: Net earnings by place of residence","Thousands of dollars",1661349,1788644,1862435,2033013,2153556,2233854,2310216,2540928,2760975,3034520,3304346,3516109,3733177,3905660,4226574,4694442,5080396,5502933,6021871,6649600,7064208,7225836,6991405,7347476,7556542,7804904,8101788,8322035,8834562,9623086,10048810,11022770,11256529,11788008,12450138,13181825,13496591,14174510,14530505,14333393,13614428,14623821,15060658,15728563,15851309,16380701,17114117,17235844,17935176,18776853
 "44007","Providence, RI",1,CAINC4,46,"...","Plus: Dividends, interest, and rent 7/","Thousands of dollars",331115,355205,375670,397593,445319,510246,549700,580224,641412,695762,769461,946851,1162384,1311846,1422623,1594407,1664785,1738439,1810739,1997131,2424260,2455921,2330728,2364220,2385714,2383692,2509430,2624455,2770243,2909905,2830839,3049187,3156190,3233379,3453284,3324044,3354257,3577418,3828141,3939094,3654773,3778330,3969061,4146717,3982767,4188817,4383103,4430744,4501515,4857465
 "44007","Providence, RI",1,CAINC4,47,"...","Plus: Personal current transfer receipts","Thousands of dollars",250857,306366,354842,384288,434261,503020,651115,669878,698113,743687,826642,953989,1090416,1193320,1276516,1302077,1387164,1436317,1475091,1578646,1712279,1884969,2309026,2381393,2603472,2573494,2717453,2745330,2925961,2948885,3063743,3162158,3566657,3713241,3799896,4074112,4210464,4296352,4744921,5219039,5663425,6014644,6063262,5934417,5993611,6473771,6689552,6649929,6866438,6984737
 "44007","Providence, RI",1,CAINC4,50,"...","Wages and salaries","Thousands of dollars",1632123,1740582,1822683,2002010,2170156,2294165,2344006,2566998,2736512,3029383,3310563,3558772,3782653,3936249,4183510,4615769,4953644,5342982,5831172,6362744,6698617,6887268,6720590,7042502,7326850,7582537,7945739,8192585,8647989,9247230,9681612,10272583,10657937,10958702,11500134,11923525,12284371,13008095,13270289,13509253,13002391,13413616,13821393,14289720,14837831,15679568,16411512,16737071,17282737,17516188
 "44007","Providence, RI",1,CAINC4,60,"...","Supplements to wages and salaries","Thousands of dollars",194573,215229,234932,275272,310450,335775,378361,429446,481653,555387,619550,678609,756659,813849,892943,993171,1072479,1173864,1258058,1387711,1502140,1581345,1569866,1762621,1831384,1875833,1888579,1920912,1970277,2063445,2163776,2310399,2432114,2580415,2695075,2856627,3011325,3210115,3298346,3348561,3188168,3489851,3399953,3419395,3479717,3615570,3727322,3787667,3782280,3888266
 "44007","Providence, RI",1,CAINC4,61,"..."," Employer contributions for employee pension and insurance funds 8/","Thousands of dollars",107233,123922,135014,156280,161051,172506,216019,241253,278663,319342,354546,396055,437839,483592,532956,572287,631435,702143,761164,840814,945732,989188,985233,1143708,1179863,1192235,1186312,1207725,1233760,1288285,1364505,1471997,1573571,1711818,1789677,1915055,2029911,2178204,2253262,2294215,2140716,2403867,2277944,2256356,2280016,2356945,2404941,2445811,2417919,2514868
 "44007","Providence, RI",1,CAINC4,62,"..."," Employer contributions for government social insurance","Thousands of dollars",87340,91307,99918,118992,149399,163269,162342,188193,202990,236045,265004,282554,318820,330257,359987,420884,441044,471721,496894,546897,556408,592157,584633,618913,651521,683598,702267,713187,736517,775160,799271,838402,858543,868597,905398,941572,981414,1031911,1045084,1054346,1047452,1085984,1122009,1163039,1199701,1258625,1322381,1341856,1364361,1373398
 "44007","Providence, RI",1,CAINC4,70,"...","Proprietors' income 9/","Thousands of dollars",147067,150775,155959,165311,176236,180054,190462,216678,253640,263291,302438,312716,307886,304018,348962,403949,449461,484719,531934,630508,663902,637850,638276,700607,726159,797249,828293,835850,911447,1165353,1208522,1441456,1247135,1386533,1512422,1685611,1623255,1651328,1568403,1309085,1177449,1746426,1796434,2122433,2010656,2007956,1992446,1777242,1768195,1852339
 "44007","Providence, RI",1,CAINC4,71,"..."," Farm proprietors' income","Thousands of dollars",1632,1956,1395,1531,1293,1824,1576,1445,951,1014,1145,1972,1745,3592,4387,4691,5198,5539,4339,3449,2046,1467,1430,3702,2850,2685,1430,2364,1143,912,1220,824,697,1144,1399,2290,2803,732,2198,2623,2128,3898,3974,5991,4643,2167,8072,1855,6292,7163
 "44007","Providence, RI",1,CAINC4,72,"..."," Nonfarm proprietors' income","Thousands of dollars",145435,148819,154564,163780,174943,178230,188886,215233,252689,262277,301293,310744,306141,300426,344575,399258,444263,479180,527595,627059,661856,636383,636846,696905,723309,794564,826863,833486,910304,1164441,1207302,1440632,1246438,1385389,1511023,1683321,1620452,1650596,1566205,1306462,1175321,1742528,1792460,2116442,2006013,2005789,1984374,1775387,1761903,1845176
 "44007","Providence, RI",1,CAINC4,7010,"...","Total employment","Number of jobs",294067,292764,291299,301256,308047,306384,293433,301906,308531,317884,319942,316097,311808,303974,305722,319576,328849,337345,341291,348156,347548,340071,322934,324722,328168,328304,329219,330424,333512,339637,343677,351950,350600,349730,350009,352796,353622,357365,359966,353365,341476,341963,345541,346717,352133,360222,369647,372891,376869,381925
 "44007","Providence, RI",1,CAINC4,7020,"..."," Wage and salary employment","Number of jobs",269031,267146,266172,275943,281590,279691,266760,275300,281500,290919,292186,286472,282562,274691,275962,289195,296786,303568,308484,311972,311723,302693,285964,283655,286781,288145,291522,291793,295226,299889,303423,308703,307204,304786,303530,303974,302795,304565,303674,296361,283519,284050,285045,287094,290805,296914,302698,304689,306495,309037
 "44007","Providence, RI",1,CAINC4,7040,"..."," Proprietors employment","Number of jobs",25036,25618,25127,25313,26457,26693,26673,26606,27031,26965,27756,29625,29246,29283,29760,30381,32063,33777,32807,36184,35825,37378,36970,41067,41387,40159,37697,38631,38286,39748,40254,43247,43396,44944,46479,48822,50827,52800,56292,57004,57957,57913,60496,59623,61328,63308,66949,68202,70374,72888
 "44009","Washington, RI",1,CAINC4,10,"...","Personal income (thousands of dollars)","Thousands of dollars",311521,338141,359390,399861,427623,437492,491134,564973,647932,725640,831785,963409,1080055,1184182,1306500,1429182,1593180,1732626,1841601,2079618,2247959,2363461,2421156,2575578,2728274,2884234,3069410,3233899,3425460,3689905,3961368,4265890,4687712,4872967,5099610,5445877,5569033,5768680,5982560,6049097,5972641,6269983,6622978,6916107,6861731,7128163,7339456,7513835,7689260,8095343
 "44009","Washington, RI",1,CAINC4,11,"..."," Nonfarm personal income 1/","Thousands of dollars",309645,335637,357032,397737,426019,434757,488432,561944,645136,722542,829757,961645,1077803,1173872,1292580,1416716,1576135,1715147,1825232,2063210,2235342,2351665,2408741,2564409,2716285,2874353,3059286,3224653,3419637,3683970,3955698,4259427,4679927,4863161,5089650,5435406,5558883,5757926,5973199,6037897,5959829,6259198,6614002,6907398,6851868,7119011,7328167,7502827,7671304,8078289
 "44009","Washington, RI",1,CAINC4,12,"..."," Farm income 2/","Thousands of dollars",1876,2504,2358,2124,1604,2735,2702,3029,2796,3098,2028,1764,2252,10310,13920,12466,17045,17479,16369,16408,12617,11796,12415,11169,11989,9881,10124,9246,5823,5935,5670,6463,7785,9806,9960,10471,10150,10754,9361,11200,12812,10785,8976,8709,9863,9152,11289,11008,17956,17054
 "44009","Washington, RI",1,CAINC4,20,"...","Population (persons) 3/","Number of persons",82896,85871,87347,90587,93686,86295,83841,86209,88327,91149,92835,93594,94482,95466,95377,97675,99564,102239,104876,107656,108470,110389,111414,112451,113356,114597,116147,117349,118713,120206,122445,123943,124995,126462,127248,127960,127412,126757,126895,126672,127605,127101,126525,126291,126433,126354,126184,126122,126369,126179
 "44009","Washington, RI",1,CAINC4,30,"...","Per capita personal income (dollars) 4/","Dollars",3758,3938,4115,4414,4564,5070,5858,6554,7336,7961,8960,10293,11431,12404,13698,14632,16002,16947,17560,19317,20724,21410,21731,22904,24068,25168,26427,27558,28855,30697,32352,34418,37503,38533,40076,42559,43709,45510,47146,47754,46806,49331,52345,54763,54272,56414,58165,59576,60848,64158
 "44009","Washington, RI",1,CAINC4,35,"...","Earnings by place of work","Thousands of dollars",272540,288532,293768,325556,320403,259788,279650,340944,409435,445064,506399,590011,625372,657729,745603,812936,939563,1018258,1061551,1199233,1244402,1301869,1310038,1383973,1436638,1484475,1528527,1537629,1600420,1796038,1975883,2129498,2459662,2636370,2774486,2940885,3084886,3183378,3275798,3190103,3198712,3490102,3546566,3719711,3767513,3882784,4001012,4014104,4117161,4440186
 "44009","Washington, RI",1,CAINC4,36,"...","Less: Contributions for government social insurance 5/","Thousands of dollars",17081,18455,19809,22488,26172,24245,26185,32685,40908,45144,52990,61534,70343,74402,83472,96046,106133,115283,122515,139151,144064,159097,164994,174747,182900,193277,196996,196669,205205,225464,239720,256819,276922,287893,306032,328977,349502,364606,381840,385144,386099,402364,368297,381239,436819,456152,480208,493888,512645,547995
 "44009","Washington, RI",1,CAINC4,37,"..."," Employee and self-employed contributions for government social insurance","Thousands of dollars",8055,8479,8878,9900,12327,12010,13003,15417,18351,20346,24233,28593,32279,34782,39039,43266,50443,56187,59357,69066,72542,80579,85406,90935,94349,99589,101778,102796,107434,117811,127440,135984,153453,161981,171298,184013,194372,203797,215846,216753,218006,223534,187540,191645,241751,252351,265723,276580,286919,313288
 "44009","Washington, RI",1,CAINC4,38,"..."," Employer contributions for government social insurance","Thousands of dollars",9026,9976,10931,12588,13845,12235,13182,17268,22557,24798,28757,32941,38064,39620,44433,52780,55690,59096,63158,70085,71522,78518,79588,83812,88551,93688,95218,93873,97771,107653,112280,120835,123469,125912,134734,144964,155130,160809,165994,168391,168093,178830,180757,189594,195068,203801,214485,217308,225726,234707
 "44009","Washington, RI",1,CAINC4,42,"...","Plus: Adjustment for residence 6/","Thousands of dollars",-23523,-24801,-19025,-20486,4483,59702,67898,75331,79139,100863,121920,127109,151532,180777,194346,211234,235638,262211,300517,338766,380032,417089,433795,497437,554652,632497,702867,798646,854341,882113,959725,1023826,1066485,1092087,1126500,1154907,1114956,1151863,1112384,1106847,1046859,1044226,1119541,1168298,1132537,1108380,1092127,1193353,1239407,1160785
 "44009","Washington, RI",1,CAINC4,45,"...","Equals: Net earnings by place of residence","Thousands of dollars",231936,245276,254934,282582,298714,295245,321363,383590,447666,500783,575329,655586,706561,764104,856477,928124,1069068,1165186,1239553,1398848,1480370,1559861,1578839,1706663,1808390,1923695,2034398,2139606,2249556,2452687,2695888,2896505,3249225,3440564,3594954,3766815,3850340,3970635,4006342,3911806,3859472,4131964,4297810,4506770,4463231,4535012,4612931,4713569,4843923,5052976
 "44009","Washington, RI",1,CAINC4,46,"...","Plus: Dividends, interest, and rent 7/","Thousands of dollars",58352,67642,73911,82017,87525,90592,99160,109255,123861,141210,161888,197494,245181,278809,298553,342453,357339,390337,418329,482529,547204,558494,552048,559723,582586,622106,673252,717548,774102,821688,828940,907914,924048,895068,942821,1079323,1083331,1114878,1233292,1287016,1193041,1161078,1334446,1425001,1379264,1494658,1583481,1628795,1627754,1767294
 "44009","Washington, RI",1,CAINC4,47,"...","Plus: Personal current transfer receipts","Thousands of dollars",21233,25223,30545,35262,41384,51655,70611,72128,76405,83647,94568,110329,128313,141269,151470,158605,166773,177103,183719,198241,220385,245106,290269,309192,337298,338433,361760,376745,401802,415530,436540,461471,514439,537335,561835,599739,635362,683167,742926,850275,920128,976941,990722,984336,1019236,1098493,1143044,1171471,1217583,1275073
 "44009","Washington, RI",1,CAINC4,50,"...","Wages and salaries","Thousands of dollars",208905,219417,220475,245039,242451,198648,213859,257617,306701,329577,376716,439174,475515,492276,537750,602368,652321,703839,768568,837148,881383,935717,931796,974556,1014988,1032574,1068779,1077457,1147218,1264511,1337260,1451159,1515688,1603336,1709100,1830333,1950231,1983007,2103198,2103809,2065201,2148046,2179441,2266294,2349413,2456152,2565171,2597243,2687611,2936519
 "44009","Washington, RI",1,CAINC4,60,"...","Supplements to wages and salaries","Thousands of dollars",43472,46886,49923,55439,50524,31702,35707,45646,60541,64985,73865,88739,103391,110395,125396,139759,151285,165062,179884,193590,210152,229286,239576,266777,280211,282201,285381,274028,280103,307197,331853,354687,376837,417723,456698,510614,547050,574896,611152,617266,589352,655391,626773,631798,639610,672695,698794,708068,720352,763354
 "44009","Washington, RI",1,CAINC4,61,"..."," Employer contributions for employee pension and insurance funds 8/","Thousands of dollars",34446,36910,38992,42851,36679,19467,22525,28378,37984,40187,45108,55798,65327,70775,80963,86979,95595,105966,116726,123505,138630,150768,159988,182965,191660,188513,190163,180155,182332,199544,219573,233852,253368,291811,321964,365650,391920,414087,445158,448875,421259,476561,446016,442204,444542,468894,484309,490760,494626,528647
 "44009","Washington, RI",1,CAINC4,62,"..."," Employer contributions for government social insurance","Thousands of dollars",9026,9976,10931,12588,13845,12235,13182,17268,22557,24798,28757,32941,38064,39620,44433,52780,55690,59096,63158,70085,71522,78518,79588,83812,88551,93688,95218,93873,97771,107653,112280,120835,123469,125912,134734,144964,155130,160809,165994,168391,168093,178830,180757,189594,195068,203801,214485,217308,225726,234707
 "44009","Washington, RI",1,CAINC4,70,"...","Proprietors' income 9/","Thousands of dollars",20163,22229,23370,25078,27428,29438,30084,37681,42193,50502,55818,62098,46466,55058,82457,70809,135957,149357,113099,168495,152867,136866,138666,142640,141439,169700,174367,186144,173099,224330,306770,323652,567137,615311,608688,599938,587605,625475,561448,469028,544159,686665,740352,821619,778490,753937,737047,708793,709198,740313
 "44009","Washington, RI",1,CAINC4,71,"..."," Farm proprietors' income","Thousands of dollars",989,1605,1392,1085,514,1537,1413,1667,1152,1243,198,-270,257,7861,11370,9838,14026,14204,13035,12684,9339,8516,9092,8252,8513,6176,5716,4387,246,-47,469,349,1443,1879,3021,3581,4211,3804,1647,4414,6400,4793,3671,918,1563,-81,3652,2118,11581,10967
 "44009","Washington, RI",1,CAINC4,72,"..."," Nonfarm proprietors' income","Thousands of dollars",19174,20624,21978,23993,26914,27901,28671,36014,41041,49259,55620,62368,46209,47197,71087,60971,121931,135153,100064,155811,143528,128350,129574,134388,132926,163524,168651,181757,172853,224377,306301,323303,565694,613432,605667,596357,583394,621671,559801,464614,537759,681872,736681,820701,776927,754018,733395,706675,697617,729346
 "44009","Washington, RI",1,CAINC4,7010,"...","Total employment","Number of jobs",39826,39125,37834,38588,37434,31821,32179,35796,39946,40569,42481,45204,45730,44938,46019,48538,50223,52351,53946,56088,56172,56338,54812,55993,57559,57995,57830,56963,57848,60072,61818,63307,64277,66647,68096,70011,71919,72174,74084,74392,72701,72679,73467,74172,75459,76875,78789,79472,79807,80994
 "44009","Washington, RI",1,CAINC4,7020,"..."," Wage and salary employment","Number of jobs",36528,35677,34245,34775,33268,27278,27234,30784,34490,34803,36399,38543,39117,38175,39053,41139,42087,43256,44873,46110,46192,45880,44310,44664,45685,45756,46494,45200,45992,47898,48931,49494,50313,52265,53397,54756,55961,55860,56626,56538,54632,54913,55123,55757,56365,57512,58762,59093,59503,60175
 "44009","Washington, RI",1,CAINC4,7040,"..."," Proprietors employment","Number of jobs",3298,3448,3589,3813,4166,4543,4945,5012,5456,5766,6082,6661,6613,6763,6966,7399,8136,9095,9073,9978,9980,10458,10502,11329,11874,12239,11336,11763,11856,12174,12887,13813,13964,14382,14699,15255,15958,16314,17458,17854,18069,17766,18344,18415,19094,19363,20027,20379,20304,20819
"Note: See the included footnote file."
"Last updated: November 14, 2019-- new statistics for 2018; revised statistics for 1969-2017. "
"Source: U.S. Department of Commerce / Bureau of Economic Analysis / Regional Economic Accounts"
